Attrition,Age,BusinessTravel,DailyRate,Department,DistanceFromHome,Education,EducationField
Yes,41,Travel_Rarely,1102,Sales,1,2,Life Sciences
No,49,Travel_Frequently,279,Research & Development,8,1,Life Sciences
Yes,37,Travel_Rarely,1373,Research & Development,2,2,Other
No,33,Travel_Frequently,1392,Research & Development,3,4,Life Sciences
No,27,Travel_Rarely,591,Research & Development,2,1,Medical
No,32,Travel_Frequently,1005,Research & Development,2,2,Life Sciences
No,59,Travel_Rarely,1324,Research & Development,3,3,Medical
No,30,Travel_Rarely,1358,Research & Development,24,1,Life Sciences
No,38,Travel_Frequently,216,Research & Development,23,3,Life Sciences
No,36,Travel_Rarely,1299,Research & Development,27,3,Medical
No,35,Travel_Rarely,809,Research & Development,16,3,Medical
No,29,Travel_Rarely,153,Research & Development,15,2,Life Sciences
No,31,Travel_Rarely,670,Research & Development,26,1,Life Sciences
No,34,Travel_Rarely,1346,Research & Development,19,2,Medical
Yes,28,Travel_Rarely,103,Research & Development,24,3,Life Sciences
No,29,Travel_Rarely,1389,Research & Development,21,4,Life Sciences
No,32,Travel_Rarely,334,Research & Development,5,2,Life Sciences
No,22,Non-Travel,1123,Research & Development,16,2,Medical
No,53,Travel_Rarely,1219,Sales,2,4,Life Sciences
No,38,Travel_Rarely,371,Research & Development,2,3,Life Sciences
No,24,Non-Travel,673,Research & Development,11,2,Other
Yes,36,Travel_Rarely,1218,Sales,9,4,Life Sciences
No,34,Travel_Rarely,419,Research & Development,7,4,Life Sciences
No,21,Travel_Rarely,391,Research & Development,15,2,Life Sciences
Yes,34,Travel_Rarely,699,Research & Development,6,1,Medical
No,53,Travel_Rarely,1282,Research & Development,5,3,Other
Yes,32,Travel_Frequently,1125,Research & Development,16,1,Life Sciences
No,42,Travel_Rarely,691,Sales,8,4,Marketing
No,44,Travel_Rarely,477,Research & Development,7,4,Medical
No,46,Travel_Rarely,705,Sales,2,4,Marketing
No,33,Travel_Rarely,924,Research & Development,2,3,Medical
No,44,Travel_Rarely,1459,Research & Development,10,4,Other
No,30,Travel_Rarely,125,Research & Development,9,2,Medical
Yes,39,Travel_Rarely,895,Sales,5,3,Technical Degree
Yes,24,Travel_Rarely,813,Research & Development,1,3,Medical
No,43,Travel_Rarely,1273,Research & Development,2,2,Medical
Yes,50,Travel_Rarely,869,Sales,3,2,Marketing
No,35,Travel_Rarely,890,Sales,2,3,Marketing
No,36,Travel_Rarely,852,Research & Development,5,4,Life Sciences
No,33,Travel_Frequently,1141,Sales,1,3,Life Sciences
No,35,Travel_Rarely,464,Research & Development,4,2,Other
No,27,Travel_Rarely,1240,Research & Development,2,4,Life Sciences
Yes,26,Travel_Rarely,1357,Research & Development,25,3,Life Sciences
No,27,Travel_Frequently,994,Sales,8,3,Life Sciences
No,30,Travel_Frequently,721,Research & Development,1,2,Medical
Yes,41,Travel_Rarely,1360,Research & Development,12,3,Technical Degree
No,34,Non-Travel,1065,Sales,23,4,Marketing
No,37,Travel_Rarely,408,Research & Development,19,2,Life Sciences
No,46,Travel_Frequently,1211,Sales,5,4,Marketing
No,35,Travel_Rarely,1229,Research & Development,8,1,Life Sciences
Yes,48,Travel_Rarely,626,Research & Development,1,2,Life Sciences
Yes,28,Travel_Rarely,1434,Research & Development,5,4,Technical Degree
No,44,Travel_Rarely,1488,Sales,1,5,Marketing
No,35,Non-Travel,1097,Research & Development,11,2,Medical
No,26,Travel_Rarely,1443,Sales,23,3,Marketing
No,33,Travel_Frequently,515,Research & Development,1,2,Life Sciences
No,35,Travel_Frequently,853,Sales,18,5,Life Sciences
No,35,Travel_Rarely,1142,Research & Development,23,4,Medical
No,31,Travel_Rarely,655,Research & Development,7,4,Life Sciences
No,37,Travel_Rarely,1115,Research & Development,1,4,Life Sciences
No,32,Travel_Rarely,427,Research & Development,1,3,Medical
No,38,Travel_Frequently,653,Research & Development,29,5,Life Sciences
No,50,Travel_Rarely,989,Research & Development,7,2,Medical
No,59,Travel_Rarely,1435,Sales,25,3,Life Sciences
No,36,Travel_Rarely,1223,Research & Development,8,3,Technical Degree
No,55,Travel_Rarely,836,Research & Development,8,3,Medical
No,36,Travel_Frequently,1195,Research & Development,11,3,Life Sciences
No,45,Travel_Rarely,1339,Research & Development,7,3,Life Sciences
No,35,Travel_Frequently,664,Research & Development,1,3,Medical
Yes,36,Travel_Rarely,318,Research & Development,9,3,Medical
No,59,Travel_Frequently,1225,Sales,1,1,Life Sciences
No,29,Travel_Rarely,1328,Research & Development,2,3,Life Sciences
No,31,Travel_Rarely,1082,Research & Development,1,4,Medical
No,32,Travel_Rarely,548,Research & Development,1,3,Life Sciences
No,36,Travel_Rarely,132,Research & Development,6,3,Life Sciences
No,31,Travel_Rarely,746,Research & Development,8,4,Life Sciences
No,35,Travel_Rarely,776,Sales,1,4,Marketing
No,45,Travel_Rarely,193,Research & Development,6,4,Other
No,37,Travel_Rarely,397,Research & Development,7,4,Medical
No,46,Travel_Rarely,945,Human Resources,5,2,Medical
No,30,Travel_Rarely,852,Research & Development,1,1,Life Sciences
No,35,Travel_Rarely,1214,Research & Development,1,3,Medical
No,55,Travel_Rarely,111,Sales,1,2,Life Sciences
No,38,Non-Travel,573,Research & Development,6,3,Medical
No,34,Travel_Rarely,1153,Research & Development,1,2,Medical
No,56,Travel_Rarely,1400,Research & Development,7,3,Life Sciences
No,23,Travel_Rarely,541,Sales,2,1,Technical Degree
No,51,Travel_Rarely,432,Research & Development,9,4,Life Sciences
No,30,Travel_Rarely,288,Research & Development,2,3,Life Sciences
Yes,46,Travel_Rarely,669,Sales,9,2,Medical
No,40,Travel_Frequently,530,Research & Development,1,4,Life Sciences
No,51,Travel_Rarely,632,Sales,21,4,Marketing
No,30,Travel_Rarely,1334,Sales,4,2,Medical
No,46,Travel_Frequently,638,Research & Development,1,3,Medical
No,32,Travel_Rarely,1093,Sales,6,4,Medical
No,54,Travel_Rarely,1217,Research & Development,2,4,Technical Degree
No,24,Travel_Rarely,1353,Sales,3,2,Other
No,28,Non-Travel,120,Sales,4,3,Medical
No,58,Travel_Rarely,682,Sales,10,4,Medical
No,44,Non-Travel,489,Research & Development,23,3,Medical
Yes,37,Travel_Rarely,807,Human Resources,6,4,Human Resources
No,32,Travel_Rarely,827,Research & Development,1,1,Life Sciences
Yes,20,Travel_Frequently,871,Research & Development,6,3,Life Sciences
No,34,Travel_Rarely,665,Research & Development,6,4,Other
No,37,Non-Travel,1040,Research & Development,2,2,Life Sciences
No,59,Non-Travel,1420,Human Resources,2,4,Human Resources
No,50,Travel_Frequently,1115,Research & Development,1,3,Life Sciences
Yes,25,Travel_Rarely,240,Sales,5,3,Marketing
No,25,Travel_Rarely,1280,Research & Development,7,1,Medical
No,22,Travel_Rarely,534,Research & Development,15,3,Medical
No,51,Travel_Frequently,1456,Research & Development,1,4,Medical
Yes,34,Travel_Frequently,658,Research & Development,7,3,Life Sciences
No,54,Non-Travel,142,Human Resources,26,3,Human Resources
No,24,Travel_Rarely,1127,Research & Development,18,1,Life Sciences
No,34,Travel_Rarely,1031,Research & Development,6,4,Life Sciences
No,37,Travel_Rarely,1189,Sales,3,3,Life Sciences
No,34,Travel_Rarely,1354,Research & Development,5,3,Medical
No,36,Travel_Frequently,1467,Sales,11,2,Technical Degree
No,36,Travel_Rarely,922,Research & Development,3,2,Life Sciences
No,43,Travel_Frequently,394,Sales,26,2,Life Sciences
No,30,Travel_Frequently,1312,Research & Development,23,3,Life Sciences
No,33,Non-Travel,750,Sales,22,2,Marketing
Yes,56,Travel_Rarely,441,Research & Development,14,4,Life Sciences
No,51,Travel_Rarely,684,Research & Development,6,3,Life Sciences
Yes,31,Travel_Rarely,249,Sales,6,4,Life Sciences
No,26,Travel_Rarely,841,Research & Development,6,3,Other
Yes,58,Travel_Rarely,147,Research & Development,23,4,Medical
Yes,19,Travel_Rarely,528,Sales,22,1,Marketing
No,22,Travel_Rarely,594,Research & Development,2,1,Technical Degree
No,49,Travel_Rarely,470,Research & Development,20,4,Medical
No,43,Travel_Frequently,957,Research & Development,28,3,Medical
No,50,Travel_Frequently,809,Sales,12,3,Marketing
Yes,31,Travel_Rarely,542,Sales,20,3,Life Sciences
No,41,Travel_Rarely,802,Sales,9,1,Life Sciences
No,26,Travel_Rarely,1355,Human Resources,25,1,Life Sciences
No,36,Travel_Rarely,216,Research & Development,6,2,Medical
Yes,51,Travel_Frequently,1150,Research & Development,8,4,Life Sciences
No,39,Travel_Rarely,1329,Sales,4,4,Life Sciences
No,25,Travel_Rarely,959,Sales,28,3,Life Sciences
No,30,Travel_Rarely,1240,Human Resources,9,3,Human Resources
Yes,32,Travel_Rarely,1033,Research & Development,9,3,Medical
No,45,Travel_Rarely,1316,Research & Development,29,3,Medical
No,38,Travel_Rarely,364,Research & Development,3,5,Technical Degree
No,30,Travel_Rarely,438,Research & Development,18,3,Life Sciences
No,32,Travel_Frequently,689,Sales,9,2,Medical
No,30,Travel_Rarely,201,Research & Development,5,3,Technical Degree
No,30,Travel_Rarely,1427,Research & Development,2,1,Medical
No,41,Travel_Frequently,857,Research & Development,10,3,Life Sciences
No,41,Travel_Rarely,933,Research & Development,9,4,Life Sciences
No,19,Travel_Rarely,1181,Research & Development,3,1,Medical
No,40,Travel_Frequently,1395,Research & Development,26,3,Medical
No,35,Travel_Rarely,662,Sales,1,5,Marketing
No,53,Travel_Rarely,1436,Sales,6,2,Marketing
No,45,Travel_Rarely,194,Research & Development,9,3,Life Sciences
No,32,Travel_Frequently,967,Sales,8,3,Marketing
No,29,Non-Travel,1496,Research & Development,1,1,Technical Degree
No,51,Travel_Rarely,1169,Research & Development,7,4,Medical
No,58,Travel_Rarely,1145,Research & Development,9,3,Medical
No,40,Travel_Rarely,630,Sales,4,4,Marketing
No,34,Travel_Frequently,303,Sales,2,4,Marketing
No,22,Travel_Rarely,1256,Research & Development,19,1,Medical
No,27,Non-Travel,691,Research & Development,9,3,Medical
No,28,Travel_Rarely,440,Research & Development,21,3,Medical
No,57,Travel_Rarely,334,Research & Development,24,2,Life Sciences
No,27,Non-Travel,1450,Research & Development,3,3,Medical
No,50,Travel_Rarely,1452,Research & Development,11,3,Life Sciences
No,41,Travel_Rarely,465,Research & Development,14,3,Life Sciences
No,30,Travel_Rarely,1339,Sales,5,3,Life Sciences
No,38,Travel_Rarely,702,Sales,1,4,Life Sciences
No,32,Travel_Rarely,120,Research & Development,6,5,Life Sciences
No,27,Travel_Rarely,1157,Research & Development,17,3,Technical Degree
Yes,19,Travel_Frequently,602,Sales,1,1,Technical Degree
No,36,Travel_Frequently,1480,Research & Development,3,2,Medical
No,30,Non-Travel,111,Research & Development,9,3,Medical
No,45,Travel_Rarely,1268,Sales,4,2,Life Sciences
No,56,Travel_Rarely,713,Research & Development,8,3,Life Sciences
No,33,Travel_Rarely,134,Research & Development,2,3,Life Sciences
Yes,19,Travel_Rarely,303,Research & Development,2,3,Life Sciences
No,46,Travel_Rarely,526,Sales,1,2,Marketing
No,38,Travel_Rarely,1380,Research & Development,9,2,Life Sciences
No,31,Travel_Rarely,140,Research & Development,12,1,Medical
No,34,Travel_Rarely,629,Research & Development,27,2,Medical
Yes,41,Travel_Rarely,1356,Sales,20,2,Marketing
No,50,Travel_Rarely,328,Research & Development,1,3,Medical
No,53,Travel_Rarely,1084,Research & Development,13,2,Medical
No,33,Travel_Rarely,931,Research & Development,14,3,Medical
No,40,Travel_Rarely,989,Research & Development,4,1,Medical
No,55,Travel_Rarely,692,Research & Development,14,4,Medical
No,34,Travel_Frequently,1069,Research & Development,2,1,Life Sciences
No,51,Travel_Rarely,313,Research & Development,3,3,Medical
No,52,Travel_Rarely,699,Research & Development,1,4,Life Sciences
No,27,Travel_Rarely,894,Research & Development,9,3,Medical
Yes,35,Travel_Rarely,556,Research & Development,23,2,Life Sciences
No,43,Non-Travel,1344,Research & Development,7,3,Medical
No,45,Non-Travel,1195,Research & Development,2,2,Medical
No,37,Travel_Rarely,290,Research & Development,21,3,Life Sciences
No,35,Travel_Frequently,138,Research & Development,2,3,Medical
No,42,Non-Travel,926,Research & Development,21,2,Medical
No,38,Travel_Rarely,1261,Research & Development,2,4,Life Sciences
No,38,Travel_Rarely,1084,Research & Development,29,3,Technical Degree
No,27,Travel_Frequently,472,Research & Development,1,1,Technical Degree
No,49,Non-Travel,1002,Research & Development,18,4,Life Sciences
No,34,Travel_Frequently,878,Research & Development,10,4,Medical
No,40,Travel_Rarely,905,Research & Development,19,2,Medical
Yes,38,Travel_Rarely,1180,Research & Development,29,1,Medical
Yes,29,Travel_Rarely,121,Sales,27,3,Marketing
No,22,Travel_Rarely,1136,Research & Development,5,3,Life Sciences
No,36,Travel_Frequently,635,Research & Development,18,1,Medical
No,40,Non-Travel,1151,Research & Development,9,5,Life Sciences
No,46,Travel_Rarely,644,Research & Development,1,4,Medical
Yes,32,Travel_Rarely,1045,Sales,4,4,Medical
No,30,Non-Travel,829,Research & Development,1,1,Life Sciences
No,27,Travel_Frequently,1242,Sales,20,3,Life Sciences
No,51,Travel_Rarely,1469,Research & Development,8,4,Life Sciences
Yes,30,Travel_Rarely,1005,Research & Development,3,3,Technical Degree
No,41,Travel_Rarely,896,Sales,6,3,Life Sciences
Yes,30,Travel_Frequently,334,Sales,26,4,Marketing
Yes,29,Travel_Rarely,992,Research & Development,1,3,Technical Degree
No,45,Non-Travel,1052,Sales,6,3,Medical
No,54,Travel_Rarely,1147,Sales,3,3,Marketing
No,36,Travel_Rarely,1396,Research & Development,5,2,Life Sciences
No,33,Travel_Rarely,147,Research & Development,4,4,Medical
No,37,Travel_Frequently,663,Research & Development,11,3,Other
No,38,Travel_Rarely,119,Sales,3,3,Life Sciences
No,31,Non-Travel,979,Research & Development,1,4,Medical
No,59,Travel_Rarely,142,Research & Development,3,3,Life Sciences
No,37,Travel_Frequently,319,Sales,4,4,Marketing
No,29,Travel_Frequently,1413,Sales,1,1,Medical
No,35,Travel_Frequently,944,Sales,1,3,Marketing
Yes,29,Travel_Rarely,896,Research & Development,18,1,Medical
No,52,Travel_Rarely,1323,Research & Development,2,3,Life Sciences
No,42,Travel_Rarely,532,Research & Development,4,2,Technical Degree
No,59,Travel_Rarely,818,Human Resources,6,2,Medical
No,50,Travel_Rarely,854,Sales,1,4,Medical
Yes,33,Travel_Rarely,813,Research & Development,14,3,Medical
No,43,Travel_Rarely,1034,Sales,16,3,Marketing
Yes,33,Travel_Rarely,465,Research & Development,2,2,Life Sciences
No,52,Non-Travel,771,Sales,2,4,Life Sciences
No,32,Travel_Rarely,1401,Sales,4,2,Life Sciences
Yes,32,Travel_Rarely,515,Research & Development,1,3,Life Sciences
No,39,Travel_Rarely,1431,Research & Development,1,4,Medical
No,32,Non-Travel,976,Sales,26,4,Marketing
No,41,Travel_Rarely,1411,Research & Development,19,2,Life Sciences
No,40,Travel_Rarely,1300,Research & Development,24,2,Technical Degree
No,45,Travel_Rarely,252,Research & Development,1,3,Other
No,31,Travel_Frequently,1327,Research & Development,3,4,Medical
No,33,Travel_Rarely,832,Research & Development,5,4,Life Sciences
No,34,Travel_Rarely,470,Research & Development,2,4,Life Sciences
No,37,Travel_Rarely,1017,Research & Development,1,2,Medical
No,45,Travel_Frequently,1199,Research & Development,7,4,Life Sciences
Yes,37,Travel_Frequently,504,Research & Development,10,3,Medical
No,39,Travel_Frequently,505,Research & Development,2,4,Technical Degree
No,29,Travel_Rarely,665,Research & Development,15,3,Life Sciences
No,42,Travel_Rarely,916,Research & Development,17,2,Life Sciences
No,29,Travel_Rarely,1247,Sales,20,2,Marketing
No,25,Travel_Rarely,685,Research & Development,1,3,Life Sciences
No,42,Travel_Rarely,269,Research & Development,2,3,Medical
No,40,Travel_Rarely,1416,Research & Development,2,2,Medical
No,51,Travel_Rarely,833,Research & Development,1,3,Life Sciences
Yes,31,Travel_Frequently,307,Research & Development,29,2,Medical
No,32,Travel_Frequently,1311,Research & Development,7,3,Life Sciences
No,38,Non-Travel,1327,Sales,2,2,Life Sciences
No,32,Travel_Rarely,128,Research & Development,2,1,Technical Degree
No,46,Travel_Rarely,488,Sales,2,3,Technical Degree
Yes,28,Travel_Rarely,529,Research & Development,2,4,Life Sciences
No,29,Travel_Rarely,1210,Sales,2,3,Medical
No,31,Travel_Rarely,1463,Research & Development,23,3,Medical
No,25,Non-Travel,675,Research & Development,5,2,Life Sciences
No,45,Travel_Rarely,1385,Research & Development,20,2,Medical
No,36,Travel_Rarely,1403,Research & Development,6,3,Life Sciences
No,55,Travel_Rarely,452,Research & Development,1,3,Medical
Yes,47,Non-Travel,666,Research & Development,29,4,Life Sciences
No,28,Travel_Rarely,1158,Research & Development,9,3,Medical
No,37,Travel_Rarely,228,Sales,6,4,Medical
No,21,Travel_Rarely,996,Research & Development,3,2,Medical
No,37,Non-Travel,728,Research & Development,1,4,Medical
No,35,Travel_Rarely,1315,Research & Development,22,3,Life Sciences
No,38,Travel_Rarely,322,Sales,7,2,Medical
No,26,Travel_Frequently,1479,Research & Development,1,3,Life Sciences
No,50,Travel_Rarely,797,Research & Development,4,1,Life Sciences
No,53,Travel_Rarely,1070,Research & Development,3,4,Medical
No,42,Travel_Rarely,635,Sales,1,1,Life Sciences
No,29,Travel_Frequently,442,Sales,2,2,Life Sciences
No,55,Travel_Rarely,147,Research & Development,20,2,Technical Degree
No,26,Travel_Frequently,496,Research & Development,11,2,Medical
No,37,Travel_Rarely,1372,Research & Development,1,3,Life Sciences
Yes,44,Travel_Frequently,920,Research & Development,24,3,Life Sciences
No,38,Travel_Rarely,688,Research & Development,23,4,Life Sciences
Yes,26,Travel_Rarely,1449,Research & Development,16,4,Medical
No,28,Travel_Rarely,1117,Research & Development,8,2,Life Sciences
No,49,Travel_Frequently,636,Research & Development,10,4,Life Sciences
No,36,Travel_Rarely,506,Research & Development,3,3,Technical Degree
No,31,Travel_Frequently,444,Sales,5,3,Marketing
Yes,26,Travel_Rarely,950,Sales,4,4,Marketing
No,37,Travel_Frequently,889,Research & Development,9,3,Medical
No,42,Travel_Frequently,555,Sales,26,3,Marketing
Yes,18,Travel_Rarely,230,Research & Development,3,3,Life Sciences
No,35,Travel_Rarely,1232,Sales,16,3,Marketing
No,36,Travel_Frequently,566,Research & Development,18,4,Life Sciences
No,51,Travel_Rarely,1302,Research & Development,2,3,Medical
No,41,Travel_Rarely,334,Sales,2,4,Life Sciences
No,18,Travel_Rarely,812,Sales,10,3,Medical
No,28,Travel_Rarely,1476,Research & Development,16,2,Medical
No,31,Travel_Rarely,218,Sales,7,3,Technical Degree
No,39,Travel_Rarely,1132,Research & Development,1,3,Medical
No,36,Non-Travel,1105,Research & Development,24,4,Life Sciences
No,32,Travel_Rarely,906,Sales,7,3,Life Sciences
No,38,Travel_Rarely,849,Research & Development,25,2,Life Sciences
No,58,Non-Travel,390,Research & Development,1,4,Life Sciences
No,31,Travel_Rarely,691,Research & Development,5,4,Technical Degree
No,31,Travel_Rarely,106,Human Resources,2,3,Human Resources
No,45,Travel_Frequently,1249,Research & Development,7,3,Life Sciences
No,31,Travel_Rarely,192,Research & Development,2,4,Life Sciences
No,33,Travel_Frequently,553,Research & Development,5,4,Life Sciences
No,39,Travel_Rarely,117,Research & Development,10,1,Medical
No,43,Travel_Frequently,185,Research & Development,10,4,Life Sciences
No,49,Travel_Rarely,1091,Research & Development,1,2,Technical Degree
Yes,52,Travel_Rarely,723,Research & Development,8,4,Medical
No,27,Travel_Rarely,1220,Research & Development,5,3,Life Sciences
No,32,Travel_Rarely,588,Sales,8,2,Technical Degree
No,27,Travel_Rarely,1377,Sales,2,3,Life Sciences
No,31,Travel_Rarely,691,Sales,7,3,Marketing
No,32,Travel_Rarely,1018,Research & Development,2,4,Medical
Yes,28,Travel_Rarely,1157,Research & Development,2,4,Medical
No,30,Travel_Rarely,1275,Research & Development,28,2,Medical
No,31,Travel_Frequently,798,Research & Development,7,2,Life Sciences
No,39,Travel_Frequently,672,Research & Development,7,2,Medical
Yes,39,Travel_Rarely,1162,Sales,3,2,Medical
No,33,Travel_Frequently,508,Sales,10,3,Marketing
No,47,Travel_Rarely,1482,Research & Development,5,5,Life Sciences
No,43,Travel_Frequently,559,Research & Development,10,4,Life Sciences
No,27,Non-Travel,210,Sales,1,1,Marketing
No,54,Travel_Frequently,928,Research & Development,20,4,Life Sciences
No,43,Travel_Rarely,1001,Research & Development,7,3,Life Sciences
No,45,Travel_Rarely,549,Research & Development,8,4,Other
No,40,Travel_Rarely,1124,Sales,1,2,Medical
Yes,29,Travel_Rarely,318,Research & Development,8,4,Other
No,29,Travel_Rarely,738,Research & Development,9,5,Other
No,30,Travel_Rarely,570,Sales,5,3,Marketing
No,27,Travel_Rarely,1130,Sales,8,4,Marketing
No,37,Travel_Rarely,1192,Research & Development,5,2,Medical
No,38,Travel_Rarely,343,Research & Development,15,2,Life Sciences
No,31,Travel_Rarely,1232,Research & Development,7,4,Medical
No,29,Travel_Rarely,144,Sales,10,1,Marketing
No,35,Travel_Rarely,1296,Research & Development,5,4,Technical Degree
No,23,Travel_Rarely,1309,Research & Development,26,1,Life Sciences
No,41,Travel_Rarely,483,Research & Development,6,3,Medical
No,47,Travel_Frequently,1309,Sales,4,1,Medical
No,42,Travel_Rarely,810,Research & Development,23,5,Life Sciences
No,29,Non-Travel,746,Sales,2,3,Life Sciences
No,42,Travel_Rarely,544,Human Resources,2,1,Technical Degree
No,32,Travel_Rarely,1062,Research & Development,2,3,Medical
No,48,Travel_Rarely,530,Sales,29,1,Medical
No,37,Travel_Rarely,1319,Research & Development,6,3,Medical
No,30,Non-Travel,641,Sales,25,2,Technical Degree
No,26,Travel_Rarely,933,Sales,1,3,Life Sciences
No,42,Travel_Rarely,1332,Research & Development,2,4,Other
Yes,21,Travel_Frequently,756,Sales,1,1,Technical Degree
No,36,Non-Travel,845,Sales,1,5,Medical
No,36,Travel_Frequently,541,Sales,3,4,Medical
No,57,Travel_Rarely,593,Research & Development,1,4,Medical
No,40,Travel_Rarely,1171,Research & Development,10,4,Life Sciences
No,21,Non-Travel,895,Sales,9,2,Medical
Yes,33,Travel_Rarely,350,Sales,5,3,Marketing
No,37,Travel_Rarely,921,Research & Development,10,3,Medical
No,46,Non-Travel,1144,Research & Development,7,4,Medical
Yes,41,Travel_Frequently,143,Sales,4,3,Marketing
No,50,Travel_Rarely,1046,Research & Development,10,3,Technical Degree
Yes,40,Travel_Rarely,575,Sales,22,2,Marketing
No,31,Travel_Rarely,408,Research & Development,9,4,Life Sciences
Yes,21,Travel_Rarely,156,Sales,12,3,Life Sciences
No,29,Travel_Rarely,1283,Research & Development,23,3,Life Sciences
No,35,Travel_Rarely,755,Research & Development,9,4,Life Sciences
No,27,Travel_Rarely,1469,Research & Development,1,2,Medical
No,28,Travel_Rarely,304,Sales,9,4,Life Sciences
No,49,Travel_Rarely,1261,Research & Development,7,3,Other
No,51,Travel_Rarely,1178,Sales,14,2,Life Sciences
No,36,Travel_Rarely,329,Research & Development,2,3,Life Sciences
Yes,34,Non-Travel,1362,Sales,19,3,Marketing
No,55,Travel_Rarely,1311,Research & Development,2,3,Life Sciences
No,24,Travel_Rarely,1371,Sales,10,4,Marketing
No,30,Travel_Rarely,202,Sales,2,1,Technical Degree
Yes,26,Travel_Frequently,575,Research & Development,3,1,Technical Degree
No,22,Travel_Rarely,253,Research & Development,11,3,Medical
No,36,Travel_Rarely,164,Sales,2,2,Medical
Yes,30,Travel_Frequently,464,Research & Development,4,3,Technical Degree
No,37,Travel_Rarely,1107,Research & Development,14,3,Life Sciences
No,40,Travel_Rarely,759,Sales,2,2,Marketing
No,42,Travel_Rarely,201,Research & Development,1,4,Life Sciences
No,37,Travel_Rarely,1305,Research & Development,10,4,Life Sciences
No,43,Travel_Rarely,982,Research & Development,12,3,Life Sciences
No,40,Travel_Rarely,555,Research & Development,2,3,Medical
No,54,Travel_Rarely,821,Research & Development,5,2,Medical
No,34,Non-Travel,1381,Sales,4,4,Marketing
No,31,Travel_Rarely,480,Research & Development,7,2,Medical
No,43,Travel_Frequently,313,Research & Development,21,3,Medical
No,43,Travel_Rarely,1473,Research & Development,8,4,Other
No,25,Travel_Rarely,891,Sales,4,2,Life Sciences
No,37,Non-Travel,1063,Research & Development,25,5,Medical
No,31,Travel_Rarely,329,Research & Development,1,2,Life Sciences
No,39,Travel_Frequently,1218,Research & Development,1,1,Life Sciences
No,56,Travel_Frequently,906,Sales,6,3,Life Sciences
No,30,Travel_Rarely,1082,Sales,12,3,Technical Degree
No,41,Travel_Rarely,645,Sales,1,3,Marketing
No,28,Travel_Rarely,1300,Research & Development,17,2,Medical
Yes,25,Travel_Rarely,688,Research & Development,3,3,Medical
No,52,Travel_Rarely,319,Research & Development,3,3,Medical
No,45,Travel_Rarely,192,Research & Development,10,2,Life Sciences
No,52,Travel_Rarely,1490,Research & Development,4,2,Life Sciences
No,42,Travel_Frequently,532,Research & Development,29,2,Life Sciences
No,30,Travel_Rarely,317,Research & Development,2,3,Life Sciences
No,60,Travel_Rarely,422,Research & Development,7,3,Life Sciences
No,46,Travel_Rarely,1485,Research & Development,18,3,Medical
No,42,Travel_Frequently,1368,Research & Development,28,4,Technical Degree
Yes,24,Travel_Rarely,1448,Sales,1,1,Technical Degree
Yes,34,Travel_Frequently,296,Sales,6,2,Marketing
No,38,Travel_Frequently,1490,Research & Development,2,2,Life Sciences
No,40,Travel_Rarely,1398,Sales,2,4,Life Sciences
No,26,Travel_Rarely,1349,Research & Development,23,3,Life Sciences
No,30,Non-Travel,1400,Research & Development,3,3,Life Sciences
No,29,Travel_Rarely,986,Research & Development,3,4,Medical
Yes,29,Travel_Rarely,408,Research & Development,25,5,Technical Degree
Yes,19,Travel_Rarely,489,Human Resources,2,2,Technical Degree
No,30,Non-Travel,1398,Sales,22,4,Other
No,57,Travel_Rarely,210,Sales,29,3,Marketing
No,50,Travel_Rarely,1099,Research & Development,29,4,Life Sciences
No,30,Non-Travel,1116,Research & Development,2,3,Medical
No,60,Travel_Frequently,1499,Sales,28,3,Marketing
No,47,Travel_Rarely,983,Research & Development,2,2,Medical
No,46,Travel_Rarely,1009,Research & Development,2,3,Life Sciences
No,35,Travel_Rarely,144,Research & Development,22,3,Life Sciences
No,54,Travel_Rarely,548,Research & Development,8,4,Life Sciences
No,34,Travel_Rarely,1303,Research & Development,2,4,Life Sciences
No,46,Travel_Rarely,1125,Sales,10,3,Marketing
No,31,Travel_Rarely,1274,Research & Development,9,1,Life Sciences
Yes,33,Travel_Rarely,1277,Research & Development,15,1,Medical
Yes,33,Travel_Rarely,587,Research & Development,10,1,Medical
No,30,Travel_Rarely,413,Sales,7,1,Marketing
No,35,Travel_Rarely,1276,Research & Development,16,3,Life Sciences
Yes,31,Travel_Frequently,534,Research & Development,20,3,Life Sciences
Yes,34,Travel_Frequently,988,Human Resources,23,3,Human Resources
No,42,Travel_Frequently,1474,Research & Development,5,2,Other
No,36,Non-Travel,635,Sales,10,4,Medical
Yes,22,Travel_Frequently,1368,Research & Development,4,1,Technical Degree
No,48,Travel_Rarely,163,Sales,2,5,Marketing
No,55,Travel_Rarely,1117,Sales,18,5,Life Sciences
No,41,Non-Travel,267,Sales,10,2,Life Sciences
No,35,Travel_Rarely,619,Sales,1,3,Marketing
No,40,Travel_Rarely,302,Research & Development,6,3,Life Sciences
No,39,Travel_Frequently,443,Research & Development,8,1,Life Sciences
No,31,Travel_Rarely,828,Sales,2,1,Life Sciences
No,42,Travel_Rarely,319,Research & Development,24,3,Medical
No,45,Travel_Rarely,561,Sales,2,3,Other
Yes,26,Travel_Frequently,426,Human Resources,17,4,Life Sciences
No,29,Travel_Rarely,232,Research & Development,19,3,Technical Degree
No,33,Travel_Rarely,922,Research & Development,1,5,Medical
No,31,Travel_Rarely,688,Sales,7,3,Life Sciences
Yes,18,Travel_Frequently,1306,Sales,5,3,Marketing
No,40,Non-Travel,1094,Sales,28,3,Other
No,41,Non-Travel,509,Research & Development,2,4,Other
No,26,Travel_Rarely,775,Sales,29,2,Medical
No,35,Travel_Rarely,195,Sales,1,3,Medical
No,34,Travel_Rarely,258,Sales,21,4,Life Sciences
Yes,26,Travel_Rarely,471,Research & Development,24,3,Technical Degree
No,37,Travel_Rarely,799,Research & Development,1,3,Technical Degree
No,46,Travel_Frequently,1034,Research & Development,18,1,Medical
No,41,Travel_Rarely,1276,Sales,2,5,Life Sciences
No,37,Non-Travel,142,Sales,9,4,Medical
No,52,Travel_Rarely,956,Research & Development,6,2,Technical Degree
Yes,32,Non-Travel,1474,Sales,11,4,Other
No,24,Travel_Frequently,535,Sales,24,3,Medical
No,38,Travel_Rarely,1495,Research & Development,10,3,Medical
No,37,Travel_Rarely,446,Research & Development,1,4,Life Sciences
No,49,Travel_Rarely,1245,Research & Development,18,4,Life Sciences
No,24,Travel_Rarely,691,Research & Development,23,3,Medical
No,26,Travel_Rarely,703,Sales,28,2,Marketing
No,24,Travel_Rarely,823,Research & Development,17,2,Other
No,50,Travel_Frequently,1246,Human Resources,3,3,Medical
No,25,Travel_Rarely,622,Sales,13,1,Medical
Yes,24,Travel_Frequently,1287,Research & Development,7,3,Life Sciences
Yes,30,Travel_Frequently,448,Sales,12,4,Life Sciences
No,34,Travel_Rarely,254,Research & Development,1,2,Life Sciences
Yes,31,Travel_Rarely,1365,Sales,13,4,Medical
No,35,Travel_Rarely,538,Research & Development,25,2,Other
No,31,Travel_Rarely,525,Sales,6,4,Medical
No,27,Travel_Rarely,798,Research & Development,6,4,Medical
No,37,Travel_Rarely,558,Sales,2,3,Marketing
No,20,Travel_Rarely,959,Research & Development,1,3,Life Sciences
No,42,Travel_Rarely,622,Research & Development,2,4,Life Sciences
No,43,Travel_Rarely,782,Research & Development,6,4,Other
No,38,Travel_Rarely,362,Research & Development,1,1,Life Sciences
No,43,Travel_Frequently,1001,Research & Development,9,5,Medical
No,48,Travel_Rarely,1236,Research & Development,1,4,Life Sciences
No,44,Travel_Rarely,1112,Human Resources,1,4,Life Sciences
No,34,Travel_Rarely,204,Sales,14,3,Technical Degree
Yes,27,Travel_Rarely,1420,Sales,2,1,Marketing
No,21,Travel_Rarely,1343,Sales,22,1,Technical Degree
No,44,Travel_Rarely,1315,Research & Development,3,4,Other
No,22,Travel_Rarely,604,Research & Development,6,1,Medical
No,33,Travel_Rarely,1216,Sales,8,4,Marketing
No,32,Travel_Rarely,646,Research & Development,9,4,Life Sciences
No,30,Travel_Frequently,160,Research & Development,3,3,Medical
No,53,Travel_Rarely,238,Sales,1,1,Medical
No,34,Travel_Rarely,1397,Research & Development,1,5,Life Sciences
Yes,45,Travel_Frequently,306,Sales,26,4,Life Sciences
No,26,Travel_Rarely,991,Research & Development,6,3,Life Sciences
No,37,Travel_Rarely,482,Research & Development,3,3,Other
No,29,Travel_Rarely,1176,Sales,3,2,Medical
No,35,Travel_Rarely,1017,Research & Development,6,4,Life Sciences
No,33,Travel_Frequently,1296,Research & Development,6,3,Life Sciences
No,54,Travel_Rarely,397,Human Resources,19,4,Medical
No,36,Travel_Rarely,913,Research & Development,9,2,Medical
No,27,Travel_Rarely,1115,Research & Development,3,4,Medical
Yes,20,Travel_Rarely,1362,Research & Development,10,1,Medical
Yes,33,Travel_Frequently,1076,Research & Development,3,3,Life Sciences
No,35,Non-Travel,727,Research & Development,3,3,Life Sciences
No,23,Travel_Rarely,885,Research & Development,4,3,Medical
No,25,Travel_Rarely,810,Sales,8,3,Life Sciences
No,38,Travel_Rarely,243,Sales,7,4,Marketing
No,29,Travel_Frequently,806,Research & Development,1,4,Life Sciences
No,48,Travel_Rarely,817,Sales,2,1,Marketing
No,27,Travel_Frequently,1410,Sales,3,1,Medical
No,37,Travel_Rarely,1225,Research & Development,10,2,Life Sciences
No,50,Travel_Rarely,1207,Research & Development,28,1,Medical
No,34,Travel_Rarely,1442,Research & Development,9,3,Medical
Yes,24,Travel_Rarely,693,Sales,3,2,Life Sciences
No,39,Travel_Rarely,408,Research & Development,2,4,Technical Degree
No,32,Travel_Rarely,929,Sales,10,3,Marketing
Yes,50,Travel_Frequently,562,Sales,8,2,Technical Degree
No,38,Travel_Rarely,827,Research & Development,1,4,Life Sciences
No,27,Travel_Rarely,608,Research & Development,1,2,Life Sciences
No,32,Travel_Rarely,1018,Research & Development,3,2,Life Sciences
No,47,Travel_Rarely,703,Sales,14,4,Marketing
No,40,Travel_Frequently,580,Sales,5,4,Life Sciences
No,53,Travel_Rarely,970,Research & Development,7,3,Life Sciences
No,41,Travel_Rarely,427,Human Resources,10,4,Human Resources
No,60,Travel_Rarely,1179,Sales,16,4,Marketing
No,27,Travel_Frequently,294,Research & Development,10,2,Life Sciences
No,41,Travel_Rarely,314,Human Resources,1,3,Human Resources
No,50,Travel_Rarely,316,Sales,8,4,Marketing
Yes,28,Travel_Rarely,654,Research & Development,1,2,Life Sciences
No,36,Non-Travel,427,Research & Development,8,3,Life Sciences
No,38,Travel_Rarely,168,Research & Development,1,3,Life Sciences
No,44,Non-Travel,381,Research & Development,24,3,Medical
No,47,Travel_Frequently,217,Sales,3,3,Medical
No,30,Travel_Rarely,501,Sales,27,5,Marketing
No,29,Travel_Rarely,1396,Sales,10,3,Life Sciences
Yes,42,Travel_Frequently,933,Research & Development,19,3,Medical
No,43,Travel_Frequently,775,Sales,15,3,Life Sciences
No,34,Travel_Rarely,970,Research & Development,8,2,Medical
No,23,Travel_Rarely,650,Research & Development,9,1,Medical
No,39,Travel_Rarely,141,Human Resources,3,3,Human Resources
No,56,Travel_Rarely,832,Research & Development,9,3,Medical
No,40,Travel_Rarely,804,Research & Development,2,1,Medical
No,27,Travel_Rarely,975,Research & Development,7,3,Medical
No,29,Travel_Rarely,1090,Sales,10,3,Marketing
No,53,Travel_Rarely,346,Research & Development,6,3,Life Sciences
No,35,Non-Travel,1225,Research & Development,2,4,Life Sciences
No,32,Travel_Frequently,430,Research & Development,24,4,Life Sciences
No,38,Travel_Rarely,268,Research & Development,2,5,Medical
No,34,Travel_Rarely,167,Research & Development,8,5,Life Sciences
No,52,Travel_Rarely,621,Sales,3,4,Marketing
Yes,33,Travel_Rarely,527,Research & Development,1,4,Other
No,25,Travel_Rarely,883,Sales,26,1,Medical
No,45,Travel_Rarely,954,Sales,2,2,Technical Degree
No,23,Travel_Rarely,310,Research & Development,10,1,Medical
Yes,47,Travel_Frequently,719,Sales,27,2,Life Sciences
No,34,Travel_Rarely,304,Sales,2,3,Other
Yes,55,Travel_Rarely,725,Research & Development,2,3,Medical
No,36,Non-Travel,1434,Sales,8,4,Life Sciences
No,52,Non-Travel,715,Research & Development,19,4,Medical
No,26,Travel_Frequently,575,Research & Development,1,2,Life Sciences
No,29,Travel_Rarely,657,Research & Development,27,3,Medical
Yes,26,Travel_Rarely,1146,Sales,8,3,Technical Degree
No,34,Travel_Rarely,182,Research & Development,1,4,Life Sciences
No,54,Travel_Rarely,376,Research & Development,19,4,Medical
No,27,Travel_Frequently,829,Sales,8,1,Marketing
No,37,Travel_Rarely,571,Research & Development,10,1,Life Sciences
No,38,Travel_Frequently,240,Research & Development,2,4,Life Sciences
No,34,Travel_Rarely,121,Research & Development,2,4,Medical
No,35,Travel_Rarely,384,Sales,8,4,Life Sciences
No,30,Travel_Rarely,921,Research & Development,1,3,Life Sciences
No,40,Travel_Frequently,791,Research & Development,2,2,Medical
No,34,Travel_Rarely,1111,Sales,8,2,Life Sciences
No,42,Travel_Frequently,570,Research & Development,8,3,Life Sciences
Yes,23,Travel_Rarely,1243,Research & Development,6,3,Life Sciences
No,24,Non-Travel,1092,Research & Development,9,3,Life Sciences
No,52,Travel_Rarely,1325,Research & Development,11,4,Life Sciences
No,50,Travel_Rarely,691,Research & Development,2,3,Medical
Yes,29,Travel_Rarely,805,Research & Development,1,2,Life Sciences
No,33,Travel_Rarely,213,Research & Development,7,3,Medical
Yes,33,Travel_Rarely,118,Sales,16,3,Marketing
No,47,Travel_Rarely,202,Research & Development,2,2,Other
No,36,Travel_Rarely,676,Research & Development,1,3,Other
No,29,Travel_Rarely,1252,Research & Development,23,2,Life Sciences
Yes,58,Travel_Rarely,286,Research & Development,2,4,Life Sciences
No,35,Travel_Rarely,1258,Research & Development,1,4,Life Sciences
No,42,Travel_Rarely,932,Research & Development,1,2,Life Sciences
Yes,28,Travel_Rarely,890,Research & Development,2,4,Medical
No,36,Travel_Rarely,1041,Human Resources,13,3,Human Resources
No,32,Travel_Rarely,859,Research & Development,4,3,Life Sciences
No,40,Travel_Frequently,720,Research & Development,16,4,Medical
No,30,Travel_Rarely,946,Research & Development,2,3,Medical
No,45,Travel_Rarely,252,Research & Development,2,3,Life Sciences
No,42,Travel_Rarely,933,Research & Development,29,3,Life Sciences
No,38,Travel_Frequently,471,Research & Development,12,3,Life Sciences
No,34,Travel_Frequently,702,Research & Development,16,4,Life Sciences
Yes,49,Travel_Rarely,1184,Sales,11,3,Marketing
Yes,55,Travel_Rarely,436,Sales,2,1,Medical
No,43,Travel_Rarely,589,Research & Development,14,2,Life Sciences
No,27,Travel_Rarely,269,Research & Development,5,1,Technical Degree
No,35,Travel_Rarely,950,Research & Development,7,3,Other
No,28,Travel_Rarely,760,Sales,2,4,Marketing
No,34,Travel_Rarely,829,Human Resources,3,2,Human Resources
Yes,26,Travel_Frequently,887,Research & Development,5,2,Medical
No,27,Non-Travel,443,Research & Development,3,3,Medical
No,51,Travel_Rarely,1318,Sales,26,4,Marketing
No,44,Travel_Rarely,625,Research & Development,4,3,Medical
No,25,Travel_Rarely,180,Research & Development,2,1,Medical
No,33,Travel_Rarely,586,Sales,1,3,Medical
No,35,Travel_Rarely,1343,Research & Development,27,1,Medical
No,36,Travel_Rarely,928,Sales,1,2,Life Sciences
No,32,Travel_Rarely,117,Sales,13,4,Life Sciences
No,30,Travel_Frequently,1012,Research & Development,5,4,Life Sciences
No,53,Travel_Rarely,661,Sales,7,2,Marketing
No,45,Travel_Rarely,930,Sales,9,3,Marketing
No,32,Travel_Rarely,638,Research & Development,8,2,Medical
No,52,Travel_Frequently,890,Research & Development,25,4,Medical
No,37,Travel_Rarely,342,Sales,16,4,Marketing
No,28,Travel_Rarely,1169,Human Resources,8,2,Medical
No,22,Travel_Rarely,1230,Research & Development,1,2,Life Sciences
No,44,Travel_Rarely,986,Research & Development,8,4,Life Sciences
No,42,Travel_Frequently,1271,Research & Development,2,1,Medical
No,36,Travel_Rarely,1278,Human Resources,8,3,Life Sciences
No,25,Travel_Rarely,141,Sales,3,1,Other
No,35,Travel_Rarely,607,Research & Development,9,3,Life Sciences
Yes,35,Travel_Frequently,130,Research & Development,25,4,Life Sciences
No,32,Non-Travel,300,Research & Development,1,3,Life Sciences
No,25,Travel_Rarely,583,Sales,4,1,Marketing
No,49,Travel_Rarely,1418,Research & Development,1,3,Technical Degree
No,24,Non-Travel,1269,Research & Development,4,1,Life Sciences
No,32,Travel_Frequently,379,Sales,5,2,Life Sciences
No,38,Travel_Rarely,395,Sales,9,3,Marketing
No,42,Travel_Rarely,1265,Research & Development,3,3,Life Sciences
No,31,Travel_Rarely,1222,Research & Development,11,4,Life Sciences
Yes,29,Travel_Rarely,341,Sales,1,3,Medical
No,53,Travel_Rarely,868,Sales,8,3,Marketing
No,35,Travel_Rarely,672,Research & Development,25,3,Technical Degree
No,37,Travel_Frequently,1231,Sales,21,2,Medical
No,53,Travel_Rarely,102,Research & Development,23,4,Life Sciences
No,43,Travel_Frequently,422,Research & Development,1,3,Life Sciences
No,47,Travel_Rarely,249,Sales,2,2,Marketing
No,37,Non-Travel,1252,Sales,19,2,Medical
No,50,Non-Travel,881,Research & Development,2,4,Life Sciences
No,39,Travel_Rarely,1383,Human Resources,2,3,Life Sciences
No,33,Travel_Rarely,1075,Human Resources,3,2,Human Resources
Yes,32,Travel_Rarely,374,Research & Development,25,4,Life Sciences
No,29,Travel_Rarely,1086,Research & Development,7,1,Medical
No,44,Travel_Rarely,661,Research & Development,9,2,Life Sciences
No,28,Travel_Rarely,821,Sales,5,4,Medical
Yes,58,Travel_Frequently,781,Research & Development,2,1,Life Sciences
No,43,Travel_Rarely,177,Research & Development,8,3,Life Sciences
Yes,20,Travel_Rarely,500,Sales,2,3,Medical
Yes,21,Travel_Rarely,1427,Research & Development,18,1,Other
No,36,Travel_Rarely,1425,Research & Development,14,1,Life Sciences
No,47,Travel_Rarely,1454,Sales,2,4,Life Sciences
Yes,22,Travel_Rarely,617,Research & Development,3,1,Life Sciences
Yes,41,Travel_Rarely,1085,Research & Development,2,4,Life Sciences
No,28,Travel_Rarely,995,Research & Development,9,3,Medical
Yes,39,Travel_Rarely,1122,Research & Development,6,3,Medical
No,27,Travel_Rarely,618,Research & Development,4,3,Life Sciences
No,34,Travel_Rarely,546,Research & Development,10,3,Life Sciences
No,42,Travel_Rarely,462,Sales,14,2,Medical
No,33,Travel_Rarely,1198,Research & Development,1,4,Other
No,58,Travel_Rarely,1272,Research & Development,5,3,Technical Degree
No,31,Travel_Rarely,154,Sales,7,4,Life Sciences
No,35,Travel_Rarely,1137,Research & Development,21,1,Life Sciences
No,49,Travel_Rarely,527,Research & Development,8,2,Other
No,48,Travel_Rarely,1469,Research & Development,20,4,Medical
No,31,Non-Travel,1188,Sales,20,2,Marketing
No,36,Travel_Rarely,188,Research & Development,7,4,Other
No,38,Travel_Rarely,1333,Research & Development,1,3,Technical Degree
No,32,Non-Travel,1184,Research & Development,1,3,Life Sciences
Yes,25,Travel_Rarely,867,Sales,19,2,Marketing
No,40,Travel_Rarely,658,Sales,10,4,Marketing
No,26,Travel_Frequently,1283,Sales,1,3,Medical
No,41,Travel_Rarely,263,Research & Development,6,3,Medical
No,36,Travel_Rarely,938,Research & Development,2,4,Medical
Yes,19,Travel_Rarely,419,Sales,21,3,Other
Yes,20,Travel_Rarely,129,Research & Development,4,3,Technical Degree
No,31,Travel_Rarely,616,Research & Development,12,3,Medical
No,40,Travel_Frequently,1469,Research & Development,9,4,Medical
No,32,Travel_Rarely,498,Research & Development,3,4,Medical
Yes,36,Travel_Rarely,530,Sales,3,1,Life Sciences
No,33,Travel_Rarely,1069,Research & Development,1,3,Life Sciences
Yes,37,Travel_Rarely,625,Sales,1,4,Life Sciences
No,45,Non-Travel,805,Research & Development,4,2,Life Sciences
No,29,Travel_Frequently,1404,Sales,20,3,Technical Degree
No,35,Travel_Rarely,1219,Sales,18,3,Medical
No,52,Travel_Rarely,1053,Research & Development,1,2,Life Sciences
Yes,58,Travel_Rarely,289,Research & Development,2,3,Technical Degree
No,53,Travel_Rarely,1376,Sales,2,2,Medical
No,30,Travel_Rarely,231,Sales,8,2,Other
No,38,Non-Travel,152,Sales,10,3,Technical Degree
No,35,Travel_Rarely,882,Sales,3,4,Life Sciences
No,39,Travel_Rarely,903,Sales,2,5,Life Sciences
Yes,40,Non-Travel,1479,Sales,24,3,Life Sciences
No,47,Travel_Frequently,1379,Research & Development,16,4,Medical
No,36,Non-Travel,1229,Sales,8,4,Technical Degree
Yes,31,Non-Travel,335,Research & Development,9,2,Medical
No,33,Non-Travel,722,Sales,17,3,Life Sciences
Yes,29,Travel_Rarely,906,Research & Development,10,3,Life Sciences
No,33,Travel_Rarely,461,Research & Development,13,1,Life Sciences
No,45,Travel_Rarely,974,Research & Development,1,4,Medical
No,50,Travel_Rarely,1126,Research & Development,1,2,Medical
No,33,Travel_Frequently,827,Research & Development,1,4,Other
No,41,Travel_Frequently,840,Research & Development,9,3,Medical
No,27,Travel_Rarely,1134,Research & Development,16,4,Technical Degree
No,45,Non-Travel,248,Research & Development,23,2,Life Sciences
No,47,Travel_Rarely,955,Sales,4,2,Life Sciences
Yes,30,Travel_Rarely,138,Research & Development,22,3,Life Sciences
No,50,Travel_Rarely,939,Research & Development,24,3,Life Sciences
No,38,Travel_Frequently,1391,Research & Development,10,1,Medical
No,46,Travel_Rarely,566,Research & Development,7,2,Medical
No,24,Travel_Rarely,1206,Research & Development,17,1,Medical
Yes,35,Travel_Rarely,622,Research & Development,14,4,Other
No,31,Travel_Frequently,853,Research & Development,1,1,Life Sciences
No,18,Non-Travel,287,Research & Development,5,2,Life Sciences
No,54,Travel_Rarely,1441,Research & Development,17,3,Technical Degree
No,35,Travel_Rarely,583,Research & Development,25,4,Medical
No,30,Travel_Rarely,153,Research & Development,8,2,Life Sciences
Yes,20,Travel_Rarely,1097,Research & Development,11,3,Medical
Yes,30,Travel_Frequently,109,Research & Development,5,3,Medical
No,26,Travel_Rarely,1066,Research & Development,2,2,Medical
No,22,Travel_Rarely,217,Research & Development,8,1,Life Sciences
No,48,Travel_Rarely,277,Research & Development,6,3,Life Sciences
No,48,Travel_Rarely,1355,Research & Development,4,4,Life Sciences
No,41,Travel_Rarely,549,Research & Development,7,2,Medical
No,39,Travel_Rarely,466,Research & Development,1,1,Life Sciences
No,27,Travel_Rarely,1055,Research & Development,2,4,Life Sciences
No,35,Travel_Rarely,802,Research & Development,10,3,Other
No,42,Travel_Rarely,265,Sales,5,2,Marketing
No,50,Travel_Rarely,804,Research & Development,9,3,Life Sciences
No,59,Travel_Rarely,715,Research & Development,2,3,Life Sciences
Yes,37,Travel_Rarely,1141,Research & Development,11,2,Medical
No,55,Travel_Frequently,135,Research & Development,18,4,Medical
No,41,Non-Travel,247,Research & Development,7,1,Life Sciences
No,38,Travel_Rarely,1035,Sales,3,4,Life Sciences
Yes,26,Non-Travel,265,Sales,29,2,Medical
Yes,52,Travel_Rarely,266,Sales,2,1,Marketing
No,44,Travel_Rarely,1448,Sales,28,3,Medical
No,50,Non-Travel,145,Sales,1,3,Life Sciences
Yes,36,Travel_Rarely,885,Research & Development,16,4,Life Sciences
No,39,Travel_Frequently,945,Research & Development,22,3,Medical
No,33,Non-Travel,1038,Sales,8,1,Life Sciences
No,45,Travel_Rarely,1234,Sales,11,2,Life Sciences
No,32,Non-Travel,1109,Research & Development,29,4,Medical
No,34,Travel_Rarely,216,Sales,1,4,Marketing
No,59,Travel_Rarely,1089,Sales,1,2,Technical Degree
No,45,Travel_Rarely,788,Human Resources,24,4,Medical
No,53,Travel_Frequently,124,Sales,2,3,Marketing
Yes,36,Travel_Rarely,660,Research & Development,15,3,Other
Yes,26,Travel_Frequently,342,Research & Development,2,3,Life Sciences
No,34,Travel_Rarely,1333,Sales,10,4,Life Sciences
No,28,Travel_Rarely,1144,Sales,10,1,Medical
No,38,Travel_Frequently,1186,Research & Development,3,4,Other
No,50,Travel_Rarely,1464,Research & Development,2,4,Medical
No,37,Travel_Rarely,124,Research & Development,3,3,Other
No,40,Travel_Rarely,300,Sales,26,3,Marketing
No,26,Travel_Frequently,921,Research & Development,1,1,Medical
No,46,Travel_Rarely,430,Research & Development,1,4,Medical
No,54,Travel_Rarely,1082,Sales,2,4,Life Sciences
No,56,Travel_Frequently,1240,Research & Development,9,3,Medical
No,36,Travel_Rarely,796,Research & Development,12,5,Medical
No,55,Non-Travel,444,Research & Development,2,1,Medical
No,43,Travel_Rarely,415,Sales,25,3,Medical
Yes,20,Travel_Frequently,769,Sales,9,3,Marketing
Yes,21,Travel_Rarely,1334,Research & Development,10,3,Life Sciences
No,46,Travel_Rarely,1003,Research & Development,8,4,Life Sciences
Yes,51,Travel_Rarely,1323,Research & Development,4,4,Life Sciences
Yes,28,Non-Travel,1366,Research & Development,24,2,Technical Degree
No,26,Travel_Rarely,192,Research & Development,1,2,Medical
No,30,Travel_Rarely,1176,Research & Development,20,3,Other
No,41,Travel_Rarely,509,Research & Development,7,2,Technical Degree
No,38,Travel_Rarely,330,Research & Development,17,1,Life Sciences
No,40,Travel_Rarely,1492,Research & Development,20,4,Technical Degree
No,27,Non-Travel,1277,Research & Development,8,5,Life Sciences
No,55,Travel_Frequently,1091,Research & Development,2,1,Life Sciences
No,28,Travel_Rarely,857,Research & Development,10,3,Other
Yes,44,Travel_Rarely,1376,Human Resources,1,2,Medical
No,33,Travel_Rarely,654,Research & Development,5,3,Life Sciences
Yes,35,Travel_Rarely,1204,Sales,4,3,Technical Degree
Yes,33,Travel_Frequently,827,Research & Development,29,4,Medical
No,28,Travel_Rarely,895,Research & Development,15,2,Life Sciences
No,34,Travel_Frequently,618,Research & Development,3,1,Life Sciences
No,37,Travel_Rarely,309,Sales,10,4,Life Sciences
Yes,25,Travel_Rarely,1219,Research & Development,4,1,Technical Degree
Yes,26,Travel_Rarely,1330,Research & Development,21,3,Medical
Yes,33,Travel_Rarely,1017,Research & Development,25,3,Medical
No,42,Travel_Rarely,469,Research & Development,2,2,Medical
Yes,28,Travel_Frequently,1009,Research & Development,1,3,Medical
Yes,50,Travel_Frequently,959,Sales,1,4,Other
No,33,Travel_Frequently,970,Sales,7,3,Life Sciences
No,34,Non-Travel,697,Research & Development,3,4,Life Sciences
No,48,Non-Travel,1262,Research & Development,1,4,Medical
No,45,Non-Travel,1050,Sales,9,4,Life Sciences
No,52,Travel_Rarely,994,Research & Development,7,4,Life Sciences
No,38,Travel_Rarely,770,Sales,10,4,Marketing
No,29,Travel_Rarely,1107,Research & Development,28,4,Life Sciences
No,28,Travel_Rarely,950,Research & Development,3,3,Medical
No,46,Travel_Rarely,406,Sales,3,1,Marketing
No,38,Travel_Rarely,130,Sales,2,2,Marketing
No,43,Travel_Frequently,1082,Research & Development,27,3,Life Sciences
Yes,39,Travel_Frequently,203,Research & Development,2,3,Life Sciences
No,40,Travel_Rarely,1308,Research & Development,14,3,Medical
No,21,Travel_Rarely,984,Research & Development,1,1,Technical Degree
No,39,Non-Travel,439,Research & Development,9,3,Life Sciences
No,36,Non-Travel,217,Research & Development,18,4,Life Sciences
No,31,Travel_Frequently,793,Sales,20,3,Life Sciences
No,28,Travel_Rarely,1451,Research & Development,2,1,Life Sciences
No,35,Travel_Frequently,1182,Sales,11,2,Marketing
No,49,Travel_Rarely,174,Sales,8,4,Technical Degree
No,34,Travel_Frequently,1003,Research & Development,2,2,Life Sciences
No,29,Travel_Frequently,490,Research & Development,10,3,Life Sciences
No,42,Travel_Rarely,188,Research & Development,29,3,Medical
No,29,Travel_Rarely,718,Research & Development,8,1,Medical
No,38,Travel_Rarely,433,Human Resources,1,3,Human Resources
No,28,Travel_Frequently,773,Research & Development,6,3,Life Sciences
Yes,18,Non-Travel,247,Research & Development,8,1,Medical
Yes,33,Travel_Rarely,603,Sales,9,4,Marketing
No,41,Travel_Rarely,167,Research & Development,12,4,Life Sciences
Yes,31,Travel_Frequently,874,Research & Development,15,3,Medical
No,37,Travel_Rarely,367,Research & Development,25,2,Medical
No,27,Travel_Rarely,199,Research & Development,6,3,Life Sciences
No,34,Travel_Rarely,1400,Sales,9,1,Life Sciences
No,35,Travel_Rarely,528,Human Resources,8,4,Technical Degree
Yes,29,Travel_Rarely,408,Sales,23,1,Life Sciences
No,40,Travel_Frequently,593,Research & Development,9,4,Medical
Yes,42,Travel_Frequently,481,Sales,12,3,Life Sciences
No,42,Travel_Rarely,647,Sales,4,4,Marketing
No,35,Travel_Rarely,982,Research & Development,1,4,Medical
No,24,Travel_Rarely,477,Research & Development,24,3,Medical
Yes,28,Travel_Rarely,1485,Research & Development,12,1,Life Sciences
No,26,Travel_Rarely,1384,Research & Development,3,4,Medical
No,30,Travel_Rarely,852,Sales,10,3,Marketing
No,40,Travel_Frequently,902,Research & Development,26,2,Medical
No,35,Travel_Rarely,819,Research & Development,2,3,Life Sciences
No,34,Travel_Frequently,669,Research & Development,1,3,Medical
No,35,Travel_Frequently,636,Research & Development,4,4,Other
Yes,43,Travel_Rarely,1372,Sales,9,3,Marketing
No,32,Non-Travel,862,Sales,2,1,Life Sciences
No,56,Travel_Rarely,718,Research & Development,4,4,Technical Degree
No,29,Travel_Rarely,1401,Research & Development,6,1,Medical
No,19,Travel_Rarely,645,Research & Development,9,2,Life Sciences
No,45,Travel_Rarely,1457,Research & Development,7,3,Medical
No,37,Travel_Rarely,977,Research & Development,1,3,Life Sciences
No,20,Travel_Rarely,805,Research & Development,3,3,Life Sciences
Yes,44,Travel_Rarely,1097,Research & Development,10,4,Life Sciences
No,53,Travel_Rarely,1223,Research & Development,7,2,Medical
No,29,Travel_Rarely,942,Research & Development,15,1,Life Sciences
Yes,22,Travel_Frequently,1256,Research & Development,3,4,Life Sciences
No,46,Travel_Rarely,1402,Sales,2,3,Marketing
No,44,Non-Travel,111,Research & Development,17,3,Life Sciences
No,33,Travel_Rarely,147,Human Resources,2,3,Human Resources
Yes,41,Non-Travel,906,Research & Development,5,2,Life Sciences
No,30,Travel_Rarely,1329,Sales,29,4,Life Sciences
No,40,Travel_Frequently,1184,Sales,2,4,Medical
No,50,Travel_Frequently,1421,Research & Development,2,3,Medical
No,28,Travel_Rarely,1179,Research & Development,19,4,Medical
No,46,Travel_Rarely,1450,Research & Development,15,2,Life Sciences
No,35,Travel_Rarely,1361,Sales,17,4,Life Sciences
Yes,24,Travel_Rarely,984,Research & Development,17,2,Life Sciences
No,33,Travel_Frequently,1146,Sales,25,3,Medical
No,36,Travel_Rarely,917,Research & Development,6,4,Life Sciences
No,30,Travel_Rarely,853,Research & Development,7,4,Life Sciences
No,44,Travel_Rarely,200,Research & Development,29,4,Other
No,20,Travel_Rarely,654,Sales,21,3,Marketing
No,46,Travel_Rarely,150,Research & Development,2,4,Technical Degree
No,42,Non-Travel,179,Human Resources,2,5,Medical
No,60,Travel_Rarely,696,Sales,7,4,Marketing
No,32,Travel_Frequently,116,Research & Development,13,3,Other
No,32,Travel_Frequently,1316,Research & Development,2,2,Life Sciences
No,36,Travel_Rarely,363,Research & Development,1,3,Technical Degree
No,33,Travel_Rarely,117,Research & Development,9,3,Medical
No,40,Travel_Rarely,107,Sales,10,3,Technical Degree
No,25,Travel_Rarely,1356,Sales,10,4,Life Sciences
No,30,Travel_Rarely,1465,Research & Development,1,3,Medical
No,42,Travel_Frequently,458,Research & Development,26,5,Medical
No,35,Non-Travel,1212,Sales,8,2,Marketing
No,27,Travel_Rarely,1103,Research & Development,14,3,Life Sciences
No,54,Travel_Frequently,966,Research & Development,1,4,Life Sciences
No,44,Travel_Rarely,1117,Research & Development,2,1,Life Sciences
Yes,19,Non-Travel,504,Research & Development,10,3,Medical
No,29,Travel_Rarely,1010,Research & Development,1,3,Life Sciences
No,54,Travel_Rarely,685,Research & Development,3,3,Life Sciences
No,31,Travel_Rarely,1332,Research & Development,11,2,Medical
No,31,Travel_Rarely,1062,Research & Development,24,3,Medical
No,59,Travel_Rarely,326,Sales,3,3,Life Sciences
No,43,Travel_Rarely,920,Research & Development,3,3,Life Sciences
No,49,Travel_Rarely,1098,Research & Development,4,2,Medical
No,36,Travel_Frequently,469,Research & Development,3,3,Technical Degree
No,48,Travel_Rarely,969,Research & Development,2,2,Technical Degree
No,27,Travel_Rarely,1167,Research & Development,4,2,Life Sciences
No,29,Travel_Rarely,1329,Research & Development,7,3,Life Sciences
No,48,Travel_Rarely,715,Research & Development,1,3,Life Sciences
No,29,Travel_Rarely,694,Research & Development,1,3,Life Sciences
No,34,Travel_Rarely,1320,Research & Development,20,3,Technical Degree
No,44,Travel_Rarely,1099,Sales,5,3,Marketing
No,33,Travel_Rarely,536,Sales,10,5,Marketing
No,19,Travel_Rarely,265,Research & Development,25,3,Life Sciences
No,23,Travel_Rarely,373,Research & Development,1,2,Life Sciences
Yes,25,Travel_Frequently,599,Sales,24,1,Life Sciences
No,26,Travel_Rarely,583,Research & Development,4,2,Life Sciences
Yes,45,Travel_Rarely,1449,Sales,2,3,Marketing
No,55,Non-Travel,177,Research & Development,8,1,Medical
Yes,21,Travel_Frequently,251,Research & Development,10,2,Life Sciences
No,46,Travel_Rarely,168,Sales,4,2,Marketing
No,34,Travel_Rarely,131,Sales,2,3,Marketing
No,51,Travel_Frequently,237,Sales,9,3,Life Sciences
No,59,Travel_Rarely,1429,Research & Development,18,4,Medical
No,34,Travel_Frequently,135,Research & Development,19,3,Medical
No,28,Travel_Frequently,791,Research & Development,1,4,Medical
No,44,Travel_Rarely,1199,Research & Development,4,2,Life Sciences
No,34,Travel_Frequently,648,Human Resources,11,3,Life Sciences
No,35,Travel_Rarely,735,Research & Development,6,1,Life Sciences
No,42,Travel_Rarely,603,Research & Development,7,4,Medical
No,43,Travel_Rarely,531,Sales,4,4,Marketing
No,36,Travel_Rarely,429,Research & Development,2,4,Life Sciences
Yes,44,Travel_Rarely,621,Research & Development,15,3,Medical
No,28,Travel_Frequently,193,Research & Development,2,3,Life Sciences
No,51,Travel_Frequently,968,Research & Development,6,2,Medical
No,30,Non-Travel,879,Research & Development,9,2,Medical
Yes,29,Travel_Rarely,806,Research & Development,7,3,Technical Degree
No,28,Travel_Rarely,640,Research & Development,1,3,Technical Degree
No,25,Travel_Rarely,266,Research & Development,1,3,Medical
No,32,Travel_Rarely,604,Sales,8,3,Medical
No,45,Travel_Frequently,364,Research & Development,25,3,Medical
No,39,Travel_Rarely,412,Research & Development,13,4,Medical
No,58,Travel_Rarely,848,Research & Development,23,4,Life Sciences
Yes,32,Travel_Rarely,1089,Research & Development,7,2,Life Sciences
Yes,39,Travel_Rarely,360,Research & Development,23,3,Medical
No,30,Travel_Rarely,1138,Research & Development,6,3,Technical Degree
No,36,Travel_Rarely,325,Research & Development,10,4,Technical Degree
No,46,Travel_Rarely,991,Human Resources,1,2,Life Sciences
No,28,Non-Travel,1476,Research & Development,1,3,Life Sciences
No,50,Travel_Rarely,1322,Research & Development,28,3,Life Sciences
Yes,40,Travel_Rarely,299,Sales,25,4,Marketing
Yes,52,Travel_Rarely,1030,Sales,5,3,Life Sciences
No,30,Travel_Rarely,634,Research & Development,17,4,Medical
No,39,Travel_Rarely,524,Research & Development,18,2,Life Sciences
No,31,Non-Travel,587,Sales,2,4,Life Sciences
No,41,Non-Travel,256,Sales,10,2,Medical
Yes,31,Travel_Frequently,1060,Sales,1,3,Life Sciences
Yes,44,Travel_Rarely,935,Research & Development,3,3,Life Sciences
No,42,Non-Travel,495,Research & Development,2,1,Life Sciences
No,55,Travel_Rarely,282,Research & Development,2,2,Medical
No,56,Travel_Rarely,206,Human Resources,8,4,Life Sciences
No,40,Non-Travel,458,Research & Development,16,2,Life Sciences
No,34,Travel_Rarely,943,Research & Development,9,3,Life Sciences
No,40,Travel_Rarely,523,Research & Development,2,3,Life Sciences
No,41,Travel_Frequently,1018,Sales,1,3,Marketing
No,35,Travel_Frequently,482,Research & Development,4,4,Life Sciences
No,51,Travel_Rarely,770,Human Resources,5,3,Life Sciences
No,38,Travel_Rarely,1009,Sales,2,2,Life Sciences
No,34,Travel_Rarely,507,Sales,15,2,Medical
No,25,Travel_Rarely,882,Research & Development,19,1,Medical
Yes,58,Travel_Rarely,601,Research & Development,7,4,Medical
No,40,Travel_Rarely,329,Research & Development,1,4,Life Sciences
No,36,Travel_Frequently,607,Sales,7,3,Marketing
No,48,Travel_Rarely,855,Research & Development,4,3,Life Sciences
No,27,Travel_Rarely,1291,Sales,11,3,Medical
No,51,Travel_Rarely,1405,Research & Development,11,2,Technical Degree
No,18,Non-Travel,1124,Research & Development,1,3,Life Sciences
No,35,Travel_Rarely,817,Research & Development,1,3,Medical
No,27,Travel_Frequently,793,Sales,2,1,Life Sciences
Yes,55,Travel_Rarely,267,Sales,13,4,Marketing
No,56,Travel_Rarely,1369,Research & Development,23,3,Life Sciences
No,34,Non-Travel,999,Research & Development,26,1,Technical Degree
No,40,Travel_Rarely,1202,Research & Development,2,1,Medical
No,34,Travel_Rarely,285,Research & Development,29,3,Medical
Yes,31,Travel_Frequently,703,Sales,2,3,Life Sciences
Yes,35,Travel_Frequently,662,Sales,18,4,Marketing
No,38,Travel_Frequently,693,Research & Development,7,3,Life Sciences
No,34,Travel_Rarely,404,Research & Development,2,4,Technical Degree
No,28,Travel_Rarely,736,Sales,26,3,Life Sciences
Yes,31,Travel_Rarely,330,Research & Development,22,4,Medical
No,39,Travel_Rarely,1498,Sales,21,4,Life Sciences
No,51,Travel_Frequently,541,Sales,2,3,Marketing
No,41,Travel_Frequently,1200,Research & Development,22,3,Life Sciences
No,37,Travel_Rarely,1439,Research & Development,4,1,Life Sciences
No,33,Travel_Frequently,1111,Sales,5,1,Life Sciences
No,32,Travel_Rarely,499,Sales,2,1,Marketing
No,39,Non-Travel,1485,Research & Development,25,2,Life Sciences
No,25,Travel_Rarely,1372,Sales,18,1,Life Sciences
No,52,Travel_Frequently,322,Research & Development,28,2,Medical
No,43,Travel_Rarely,930,Research & Development,6,3,Medical
No,27,Travel_Rarely,205,Sales,10,3,Marketing
Yes,27,Travel_Rarely,135,Research & Development,17,4,Life Sciences
No,26,Travel_Rarely,683,Research & Development,2,1,Medical
No,42,Travel_Rarely,1147,Human Resources,10,3,Human Resources
No,52,Travel_Rarely,258,Research & Development,8,4,Other
No,37,Travel_Rarely,1462,Research & Development,11,3,Medical
No,35,Travel_Frequently,200,Research & Development,18,2,Life Sciences
No,25,Travel_Rarely,949,Research & Development,1,3,Technical Degree
No,26,Travel_Rarely,652,Research & Development,7,3,Other
No,29,Travel_Rarely,332,Human Resources,17,3,Other
Yes,49,Travel_Frequently,1475,Research & Development,28,2,Life Sciences
Yes,29,Travel_Frequently,337,Research & Development,14,1,Other
No,54,Travel_Rarely,971,Research & Development,1,3,Medical
No,58,Travel_Rarely,1055,Research & Development,1,3,Medical
No,55,Travel_Rarely,1136,Research & Development,1,4,Medical
No,36,Travel_Rarely,1174,Sales,3,4,Marketing
Yes,31,Travel_Frequently,667,Sales,1,4,Life Sciences
No,30,Travel_Rarely,855,Sales,7,4,Marketing
No,31,Travel_Rarely,182,Research & Development,8,5,Life Sciences
No,34,Travel_Frequently,560,Research & Development,1,4,Other
Yes,31,Travel_Rarely,202,Research & Development,8,3,Life Sciences
No,27,Travel_Rarely,1377,Research & Development,11,1,Life Sciences
No,36,Travel_Rarely,172,Research & Development,4,4,Life Sciences
No,36,Travel_Rarely,329,Sales,16,4,Marketing
No,47,Travel_Rarely,465,Research & Development,1,3,Technical Degree
Yes,25,Travel_Rarely,383,Sales,9,2,Life Sciences
No,37,Non-Travel,1413,Research & Development,5,2,Technical Degree
No,56,Travel_Rarely,1255,Research & Development,1,2,Life Sciences
No,47,Travel_Rarely,359,Research & Development,2,4,Medical
No,24,Travel_Rarely,1476,Sales,4,1,Medical
No,32,Travel_Rarely,601,Sales,7,5,Marketing
No,34,Travel_Rarely,401,Research & Development,1,3,Life Sciences
No,41,Travel_Rarely,1283,Research & Development,5,5,Medical
No,40,Non-Travel,663,Research & Development,9,4,Other
No,31,Travel_Rarely,326,Sales,8,2,Life Sciences
Yes,46,Travel_Rarely,377,Sales,9,3,Marketing
Yes,39,Non-Travel,592,Research & Development,2,3,Life Sciences
Yes,31,Travel_Frequently,1445,Research & Development,1,5,Life Sciences
No,45,Travel_Rarely,1038,Research & Development,20,3,Medical
No,31,Travel_Rarely,1398,Human Resources,8,2,Medical
Yes,31,Travel_Frequently,523,Research & Development,2,3,Life Sciences
No,45,Travel_Rarely,1448,Research & Development,29,3,Technical Degree
No,48,Travel_Rarely,1221,Sales,7,3,Marketing
Yes,34,Travel_Rarely,1107,Human Resources,9,4,Technical Degree
No,40,Non-Travel,218,Research & Development,8,1,Medical
No,28,Travel_Rarely,866,Sales,5,3,Medical
No,44,Non-Travel,981,Research & Development,5,3,Life Sciences
No,53,Travel_Rarely,447,Research & Development,2,3,Medical
No,49,Travel_Rarely,1495,Research & Development,5,4,Technical Degree
No,40,Travel_Rarely,896,Research & Development,2,3,Medical
No,44,Travel_Rarely,1467,Research & Development,20,3,Life Sciences
No,33,Travel_Frequently,430,Sales,7,3,Medical
No,34,Travel_Rarely,1326,Sales,3,3,Other
No,30,Travel_Rarely,1358,Sales,16,1,Life Sciences
No,42,Travel_Frequently,748,Research & Development,9,2,Medical
No,44,Travel_Frequently,383,Sales,1,5,Marketing
No,30,Non-Travel,990,Research & Development,7,3,Technical Degree
No,57,Travel_Rarely,405,Research & Development,1,2,Life Sciences
No,49,Travel_Rarely,1490,Research & Development,7,4,Life Sciences
No,34,Travel_Frequently,829,Research & Development,15,3,Medical
Yes,28,Travel_Frequently,1496,Sales,1,3,Technical Degree
Yes,29,Travel_Frequently,115,Sales,13,3,Technical Degree
Yes,34,Travel_Rarely,790,Sales,24,4,Medical
No,35,Travel_Rarely,660,Sales,7,1,Life Sciences
Yes,24,Travel_Frequently,381,Research & Development,9,3,Medical
No,24,Non-Travel,830,Sales,13,2,Life Sciences
No,44,Travel_Frequently,1193,Research & Development,2,1,Medical
No,29,Travel_Rarely,1246,Sales,19,3,Life Sciences
No,30,Travel_Rarely,330,Human Resources,1,3,Life Sciences
No,55,Travel_Rarely,1229,Research & Development,4,4,Life Sciences
No,33,Travel_Rarely,1099,Research & Development,4,4,Medical
No,47,Travel_Rarely,571,Sales,14,3,Medical
Yes,28,Travel_Frequently,289,Research & Development,2,2,Medical
No,28,Travel_Rarely,1423,Research & Development,1,3,Life Sciences
No,28,Travel_Frequently,467,Sales,7,3,Life Sciences
No,49,Travel_Rarely,271,Research & Development,3,2,Medical
No,29,Travel_Frequently,410,Research & Development,2,1,Life Sciences
No,28,Travel_Rarely,1083,Research & Development,29,1,Life Sciences
No,33,Travel_Rarely,516,Research & Development,8,5,Life Sciences
No,32,Travel_Rarely,495,Research & Development,10,3,Medical
No,54,Travel_Frequently,1050,Research & Development,11,4,Medical
Yes,29,Travel_Rarely,224,Research & Development,1,4,Technical Degree
No,44,Travel_Rarely,136,Research & Development,28,3,Life Sciences
No,39,Travel_Rarely,1089,Research & Development,6,3,Life Sciences
No,46,Travel_Rarely,228,Sales,3,3,Life Sciences
No,35,Travel_Rarely,1029,Research & Development,16,3,Life Sciences
No,23,Travel_Rarely,507,Research & Development,20,1,Life Sciences
Yes,40,Travel_Rarely,676,Research & Development,9,4,Life Sciences
No,34,Travel_Rarely,971,Sales,1,3,Technical Degree
Yes,31,Travel_Frequently,561,Research & Development,3,3,Life Sciences
No,50,Travel_Frequently,333,Research & Development,22,5,Medical
No,34,Travel_Rarely,1440,Sales,7,2,Technical Degree
No,42,Travel_Rarely,1210,Research & Development,2,3,Medical
No,37,Travel_Rarely,674,Research & Development,13,3,Medical
No,29,Travel_Rarely,441,Research & Development,8,1,Other
No,33,Travel_Rarely,575,Research & Development,25,3,Life Sciences
No,45,Travel_Rarely,950,Research & Development,28,3,Technical Degree
No,42,Travel_Frequently,288,Research & Development,2,3,Life Sciences
No,40,Travel_Rarely,1342,Sales,9,2,Medical
No,33,Travel_Rarely,589,Research & Development,28,4,Life Sciences
No,40,Travel_Rarely,898,Human Resources,6,2,Medical
No,24,Travel_Rarely,350,Research & Development,21,2,Technical Degree
No,40,Non-Travel,1142,Research & Development,8,2,Life Sciences
No,45,Travel_Rarely,538,Research & Development,1,4,Technical Degree
No,35,Travel_Rarely,1402,Sales,28,4,Life Sciences
No,32,Travel_Rarely,824,Research & Development,5,2,Life Sciences
No,36,Travel_Rarely,1157,Sales,2,4,Life Sciences
No,48,Travel_Rarely,492,Sales,16,4,Life Sciences
No,29,Travel_Rarely,598,Research & Development,9,3,Life Sciences
No,33,Travel_Rarely,1242,Sales,8,4,Life Sciences
Yes,30,Travel_Rarely,740,Sales,1,3,Life Sciences
No,38,Travel_Frequently,888,Human Resources,10,4,Human Resources
No,35,Travel_Rarely,992,Research & Development,1,3,Medical
No,30,Travel_Rarely,1288,Sales,29,4,Technical Degree
Yes,35,Travel_Rarely,104,Research & Development,2,3,Life Sciences
Yes,53,Travel_Rarely,607,Research & Development,2,5,Technical Degree
Yes,38,Travel_Rarely,903,Research & Development,2,3,Medical
No,32,Non-Travel,1200,Research & Development,1,4,Technical Degree
No,48,Travel_Rarely,1108,Research & Development,15,4,Other
No,34,Travel_Rarely,479,Research & Development,7,4,Medical
No,55,Travel_Rarely,685,Sales,26,5,Marketing
No,34,Travel_Rarely,1351,Research & Development,1,4,Life Sciences
No,26,Travel_Rarely,474,Research & Development,3,3,Life Sciences
No,38,Travel_Rarely,1245,Sales,14,3,Life Sciences
No,38,Travel_Rarely,437,Sales,16,3,Life Sciences
No,36,Travel_Rarely,884,Sales,1,4,Life Sciences
No,29,Travel_Rarely,1370,Research & Development,3,1,Medical
No,35,Travel_Rarely,670,Research & Development,10,4,Medical
No,39,Travel_Rarely,1462,Sales,6,3,Medical
No,29,Travel_Frequently,995,Research & Development,2,1,Life Sciences
No,50,Travel_Rarely,264,Sales,9,3,Marketing
No,23,Travel_Rarely,977,Research & Development,10,3,Technical Degree
No,36,Travel_Frequently,1302,Research & Development,6,4,Life Sciences
No,42,Travel_Rarely,1059,Research & Development,9,2,Other
No,35,Travel_Rarely,750,Research & Development,28,3,Life Sciences
No,34,Travel_Frequently,653,Research & Development,10,4,Technical Degree
No,40,Travel_Rarely,118,Sales,14,2,Life Sciences
No,43,Travel_Rarely,990,Research & Development,27,3,Technical Degree
No,35,Travel_Rarely,1349,Research & Development,7,2,Life Sciences
No,46,Travel_Rarely,563,Sales,1,4,Life Sciences
Yes,28,Travel_Rarely,329,Research & Development,24,3,Medical
No,22,Non-Travel,457,Research & Development,26,2,Other
No,50,Travel_Frequently,1234,Research & Development,20,5,Medical
No,32,Travel_Rarely,634,Research & Development,5,4,Other
No,44,Travel_Rarely,1313,Research & Development,7,3,Medical
No,30,Travel_Rarely,241,Research & Development,7,3,Medical
No,45,Travel_Rarely,1015,Research & Development,5,5,Medical
No,45,Non-Travel,336,Sales,26,3,Marketing
No,31,Travel_Frequently,715,Sales,2,4,Other
No,36,Travel_Rarely,559,Research & Development,12,4,Life Sciences
No,34,Travel_Frequently,426,Research & Development,10,4,Life Sciences
No,49,Travel_Rarely,722,Research & Development,25,4,Life Sciences
No,39,Travel_Rarely,1387,Research & Development,10,5,Medical
No,27,Travel_Rarely,1302,Research & Development,19,3,Other
No,35,Travel_Rarely,819,Research & Development,18,5,Life Sciences
No,28,Travel_Rarely,580,Research & Development,27,3,Medical
No,21,Travel_Rarely,546,Research & Development,5,1,Medical
Yes,18,Travel_Frequently,544,Sales,3,2,Medical
No,47,Travel_Rarely,1176,Human Resources,26,4,Life Sciences
No,39,Travel_Rarely,170,Research & Development,3,2,Medical
No,40,Travel_Rarely,884,Research & Development,15,3,Life Sciences
No,35,Non-Travel,208,Research & Development,8,4,Life Sciences
No,37,Travel_Rarely,671,Research & Development,19,3,Life Sciences
No,39,Travel_Frequently,711,Research & Development,4,3,Medical
No,45,Travel_Rarely,1329,Research & Development,2,2,Other
No,38,Travel_Rarely,397,Research & Development,2,2,Medical
Yes,35,Travel_Rarely,737,Sales,10,3,Medical
No,37,Travel_Rarely,1470,Research & Development,10,3,Medical
No,40,Travel_Rarely,448,Research & Development,16,3,Life Sciences
No,44,Travel_Frequently,602,Human Resources,1,5,Human Resources
No,48,Travel_Frequently,365,Research & Development,4,5,Medical
Yes,35,Travel_Rarely,763,Sales,15,2,Medical
No,24,Travel_Frequently,567,Research & Development,2,1,Technical Degree
No,27,Travel_Rarely,486,Research & Development,8,3,Medical
No,27,Travel_Frequently,591,Research & Development,2,3,Medical
Yes,40,Travel_Rarely,1329,Research & Development,7,3,Life Sciences
No,29,Travel_Rarely,469,Sales,10,3,Medical
No,36,Travel_Rarely,711,Research & Development,5,4,Life Sciences
No,25,Travel_Frequently,772,Research & Development,2,1,Life Sciences
No,39,Travel_Rarely,492,Research & Development,12,3,Medical
No,49,Travel_Rarely,301,Research & Development,22,4,Other
No,50,Travel_Rarely,813,Research & Development,17,5,Life Sciences
No,20,Travel_Rarely,1141,Sales,2,3,Medical
No,34,Travel_Rarely,1130,Research & Development,3,3,Life Sciences
No,36,Travel_Rarely,311,Research & Development,7,3,Life Sciences
No,49,Travel_Rarely,465,Research & Development,6,1,Life Sciences
No,36,Non-Travel,894,Research & Development,1,4,Medical
No,36,Travel_Rarely,1040,Research & Development,3,2,Life Sciences
No,54,Travel_Rarely,584,Research & Development,22,5,Medical
No,43,Travel_Rarely,1291,Research & Development,15,2,Life Sciences
Yes,35,Travel_Frequently,880,Sales,12,4,Other
No,38,Travel_Frequently,1189,Research & Development,1,3,Life Sciences
No,29,Travel_Rarely,991,Sales,5,3,Medical
No,33,Travel_Rarely,392,Sales,2,4,Medical
No,32,Travel_Rarely,977,Research & Development,2,3,Medical
No,31,Travel_Rarely,1112,Sales,5,4,Life Sciences
No,49,Travel_Rarely,464,Research & Development,16,3,Medical
No,38,Travel_Frequently,148,Research & Development,2,3,Medical
No,47,Travel_Rarely,1225,Sales,2,4,Life Sciences
No,49,Travel_Rarely,809,Research & Development,1,3,Life Sciences
No,41,Travel_Rarely,1206,Sales,23,2,Life Sciences
No,20,Travel_Rarely,727,Sales,9,1,Life Sciences
No,33,Non-Travel,530,Sales,16,3,Life Sciences
No,36,Travel_Rarely,1351,Research & Development,26,4,Life Sciences
No,44,Travel_Rarely,528,Human Resources,1,3,Life Sciences
Yes,23,Travel_Rarely,1320,Research & Development,8,1,Medical
No,38,Travel_Rarely,1495,Research & Development,4,2,Medical
No,53,Travel_Rarely,1395,Research & Development,24,4,Medical
Yes,48,Travel_Frequently,708,Sales,7,2,Medical
Yes,32,Travel_Rarely,1259,Research & Development,2,4,Life Sciences
No,26,Non-Travel,786,Research & Development,7,3,Medical
No,55,Travel_Rarely,1441,Research & Development,22,3,Technical Degree
No,34,Travel_Rarely,1157,Research & Development,5,2,Medical
No,60,Travel_Rarely,370,Research & Development,1,4,Medical
No,33,Travel_Rarely,267,Research & Development,21,3,Medical
No,37,Travel_Frequently,1278,Sales,1,4,Medical
No,34,Travel_Rarely,678,Research & Development,19,3,Life Sciences
Yes,23,Travel_Rarely,427,Sales,7,3,Life Sciences
No,44,Travel_Rarely,921,Research & Development,2,3,Life Sciences
No,35,Travel_Frequently,146,Research & Development,2,4,Medical
No,43,Travel_Rarely,1179,Sales,2,3,Medical
No,24,Travel_Rarely,581,Research & Development,9,3,Medical
No,41,Travel_Rarely,918,Sales,6,3,Marketing
No,29,Travel_Rarely,1082,Research & Development,9,4,Medical
No,36,Travel_Rarely,530,Sales,2,4,Life Sciences
No,45,Non-Travel,1238,Research & Development,1,1,Life Sciences
Yes,24,Travel_Rarely,240,Human Resources,22,1,Human Resources
Yes,47,Travel_Frequently,1093,Sales,9,3,Life Sciences
No,26,Travel_Rarely,390,Research & Development,17,4,Medical
No,45,Travel_Rarely,1005,Research & Development,28,2,Technical Degree
No,32,Travel_Frequently,585,Research & Development,10,3,Life Sciences
No,31,Travel_Rarely,741,Research & Development,2,4,Life Sciences
No,41,Non-Travel,552,Human Resources,4,3,Human Resources
No,40,Travel_Rarely,369,Research & Development,8,2,Life Sciences
No,24,Travel_Rarely,506,Research & Development,29,1,Medical
No,46,Travel_Rarely,717,Research & Development,13,4,Life Sciences
No,35,Travel_Rarely,1370,Research & Development,27,4,Life Sciences
No,30,Travel_Rarely,793,Research & Development,16,1,Life Sciences
No,47,Non-Travel,543,Sales,2,4,Marketing
No,46,Travel_Rarely,1277,Sales,2,3,Life Sciences
Yes,36,Travel_Rarely,1456,Sales,13,5,Marketing
Yes,32,Travel_Rarely,964,Sales,1,2,Life Sciences
No,23,Travel_Rarely,160,Research & Development,4,1,Medical
No,31,Travel_Frequently,163,Research & Development,24,1,Technical Degree
No,39,Non-Travel,792,Research & Development,1,3,Life Sciences
No,32,Travel_Rarely,371,Sales,19,3,Life Sciences
No,40,Travel_Rarely,611,Sales,7,4,Medical
No,45,Travel_Rarely,176,Human Resources,4,3,Life Sciences
No,30,Travel_Frequently,1312,Research & Development,2,4,Technical Degree
No,24,Travel_Frequently,897,Human Resources,10,3,Medical
Yes,30,Travel_Frequently,600,Human Resources,8,3,Human Resources
No,31,Travel_Rarely,1003,Sales,5,3,Technical Degree
No,27,Travel_Rarely,1054,Research & Development,8,3,Medical
Yes,29,Travel_Rarely,428,Sales,9,3,Marketing
No,29,Travel_Frequently,461,Research & Development,1,3,Life Sciences
No,30,Travel_Rarely,979,Sales,15,2,Marketing
No,34,Travel_Rarely,181,Research & Development,2,4,Medical
No,33,Non-Travel,1283,Sales,2,3,Marketing
No,49,Travel_Rarely,1313,Sales,11,4,Marketing
Yes,33,Travel_Rarely,211,Sales,16,3,Life Sciences
No,38,Travel_Frequently,594,Research & Development,2,2,Medical
Yes,31,Travel_Rarely,1079,Sales,16,4,Marketing
No,29,Travel_Rarely,590,Research & Development,4,3,Technical Degree
No,30,Travel_Rarely,305,Research & Development,16,3,Life Sciences
No,32,Non-Travel,953,Research & Development,5,4,Technical Degree
No,38,Travel_Rarely,833,Research & Development,18,3,Medical
Yes,43,Travel_Frequently,807,Research & Development,17,3,Technical Degree
No,42,Travel_Rarely,855,Research & Development,12,3,Medical
No,55,Travel_Rarely,478,Research & Development,2,3,Medical
No,33,Non-Travel,775,Research & Development,4,3,Technical Degree
No,41,Travel_Rarely,548,Research & Development,9,4,Life Sciences
No,34,Non-Travel,1375,Sales,10,3,Life Sciences
No,53,Non-Travel,661,Research & Development,1,4,Medical
No,43,Travel_Rarely,244,Human Resources,2,3,Life Sciences
No,34,Travel_Rarely,511,Sales,3,2,Life Sciences
Yes,21,Travel_Rarely,337,Sales,7,1,Marketing
No,38,Travel_Rarely,1153,Research & Development,6,2,Other
Yes,22,Travel_Rarely,1294,Research & Development,8,1,Medical
No,31,Travel_Rarely,196,Sales,29,4,Marketing
No,51,Travel_Rarely,942,Research & Development,3,3,Technical Degree
No,37,Travel_Rarely,589,Sales,9,2,Marketing
No,46,Travel_Rarely,734,Research & Development,2,4,Medical
No,36,Travel_Rarely,1383,Research & Development,10,3,Life Sciences
Yes,44,Travel_Frequently,429,Research & Development,1,2,Medical
No,37,Travel_Rarely,1239,Human Resources,8,2,Other
Yes,35,Travel_Rarely,303,Sales,27,3,Life Sciences
No,33,Travel_Rarely,867,Research & Development,8,4,Life Sciences
No,28,Travel_Rarely,1181,Research & Development,1,3,Life Sciences
No,39,Travel_Rarely,1253,Research & Development,10,1,Medical
No,46,Non-Travel,849,Sales,26,2,Life Sciences
No,40,Travel_Rarely,616,Research & Development,2,2,Life Sciences
No,42,Travel_Rarely,1128,Research & Development,13,3,Medical
No,35,Non-Travel,1180,Research & Development,2,2,Medical
No,38,Non-Travel,1336,Human Resources,2,3,Human Resources
Yes,34,Travel_Frequently,234,Research & Development,9,4,Life Sciences
Yes,37,Travel_Rarely,370,Research & Development,10,4,Medical
No,39,Travel_Frequently,766,Sales,20,3,Life Sciences
No,43,Non-Travel,343,Research & Development,9,3,Life Sciences
No,41,Travel_Rarely,447,Research & Development,5,3,Life Sciences
No,41,Travel_Rarely,796,Sales,4,1,Marketing
No,30,Travel_Rarely,1092,Research & Development,10,3,Medical
Yes,26,Travel_Rarely,920,Human Resources,20,2,Medical
Yes,46,Travel_Rarely,261,Research & Development,21,2,Medical
No,40,Travel_Rarely,1194,Research & Development,1,3,Life Sciences
No,34,Travel_Rarely,810,Sales,8,2,Technical Degree
No,58,Non-Travel,350,Sales,2,3,Medical
No,35,Travel_Rarely,185,Research & Development,23,4,Medical
No,47,Travel_Rarely,1001,Research & Development,4,3,Life Sciences
No,40,Travel_Rarely,750,Research & Development,12,3,Life Sciences
No,54,Travel_Rarely,431,Research & Development,7,4,Medical
No,31,Travel_Frequently,1125,Sales,7,4,Marketing
No,28,Travel_Rarely,1217,Research & Development,1,3,Medical
No,38,Travel_Rarely,723,Sales,2,4,Marketing
No,26,Travel_Rarely,572,Sales,10,3,Medical
No,58,Travel_Frequently,1216,Research & Development,15,4,Life Sciences
No,18,Non-Travel,1431,Research & Development,14,3,Medical
Yes,31,Travel_Rarely,359,Human Resources,18,5,Human Resources
Yes,29,Travel_Rarely,350,Human Resources,13,3,Human Resources
No,45,Non-Travel,589,Sales,2,4,Life Sciences
No,36,Travel_Rarely,430,Research & Development,2,4,Other
No,43,Travel_Frequently,1422,Sales,2,4,Life Sciences
No,27,Travel_Frequently,1297,Research & Development,5,2,Life Sciences
No,29,Travel_Frequently,574,Research & Development,20,1,Medical
No,32,Travel_Frequently,1318,Sales,10,4,Marketing
No,42,Non-Travel,355,Research & Development,10,4,Technical Degree
No,47,Travel_Rarely,207,Research & Development,9,4,Life Sciences
No,46,Travel_Rarely,706,Research & Development,2,2,Life Sciences
No,28,Non-Travel,280,Human Resources,1,2,Life Sciences
No,29,Travel_Rarely,726,Research & Development,29,1,Life Sciences
No,42,Travel_Rarely,1142,Research & Development,8,3,Life Sciences
Yes,32,Travel_Rarely,414,Sales,2,4,Marketing
No,46,Travel_Rarely,1319,Sales,3,3,Technical Degree
No,27,Travel_Rarely,728,Sales,23,1,Medical
No,29,Travel_Rarely,352,Human Resources,6,1,Medical
No,43,Travel_Rarely,823,Research & Development,6,3,Medical
No,48,Travel_Rarely,1224,Research & Development,10,3,Life Sciences
Yes,29,Travel_Frequently,459,Research & Development,24,2,Life Sciences
Yes,46,Travel_Rarely,1254,Sales,10,3,Life Sciences
No,27,Travel_Frequently,1131,Research & Development,15,3,Life Sciences
No,39,Travel_Rarely,835,Research & Development,19,4,Other
No,55,Travel_Rarely,836,Research & Development,2,4,Technical Degree
No,28,Travel_Rarely,1172,Sales,3,3,Medical
Yes,30,Travel_Rarely,945,Sales,9,3,Medical
Yes,22,Travel_Rarely,391,Research & Development,7,1,Life Sciences
No,36,Travel_Rarely,1266,Sales,10,4,Technical Degree
No,31,Travel_Rarely,311,Research & Development,20,3,Life Sciences
No,34,Travel_Rarely,1480,Sales,4,3,Life Sciences
No,29,Travel_Rarely,592,Research & Development,7,3,Life Sciences
No,37,Travel_Rarely,783,Research & Development,7,4,Medical
No,35,Travel_Rarely,219,Research & Development,16,2,Other
No,45,Travel_Rarely,556,Research & Development,25,2,Life Sciences
No,36,Travel_Frequently,1213,Human Resources,2,1,Human Resources
No,40,Travel_Rarely,1137,Research & Development,1,4,Life Sciences
No,26,Travel_Rarely,482,Research & Development,1,2,Life Sciences
No,27,Travel_Rarely,511,Sales,2,2,Medical
No,48,Travel_Frequently,117,Research & Development,22,3,Medical
No,44,Travel_Rarely,170,Research & Development,1,4,Life Sciences
Yes,34,Non-Travel,967,Research & Development,16,4,Technical Degree
Yes,56,Travel_Rarely,1162,Research & Development,24,2,Life Sciences
No,36,Travel_Rarely,335,Sales,17,2,Marketing
No,41,Travel_Rarely,337,Sales,8,3,Marketing
No,42,Travel_Rarely,1396,Research & Development,6,3,Medical
No,31,Travel_Rarely,1079,Sales,10,2,Medical
No,34,Travel_Rarely,735,Sales,3,1,Medical
No,31,Travel_Rarely,471,Research & Development,4,3,Medical
No,26,Travel_Frequently,1096,Research & Development,6,3,Other
No,45,Travel_Frequently,1297,Research & Development,1,4,Medical
No,33,Travel_Rarely,217,Sales,10,4,Marketing
No,28,Travel_Frequently,783,Sales,1,2,Life Sciences
Yes,29,Travel_Frequently,746,Sales,24,3,Technical Degree
No,39,Non-Travel,1251,Sales,21,4,Life Sciences
No,27,Travel_Rarely,1354,Research & Development,2,4,Technical Degree
No,34,Travel_Frequently,735,Research & Development,22,4,Other
Yes,28,Travel_Rarely,1475,Sales,13,2,Marketing
No,47,Non-Travel,1169,Research & Development,14,4,Technical Degree
No,56,Travel_Rarely,1443,Sales,11,5,Marketing
No,39,Travel_Rarely,867,Research & Development,9,2,Medical
No,38,Travel_Frequently,1394,Research & Development,8,3,Medical
No,58,Travel_Rarely,605,Sales,21,3,Life Sciences
Yes,32,Travel_Frequently,238,Research & Development,5,2,Life Sciences
No,38,Travel_Rarely,1206,Research & Development,9,2,Life Sciences
No,49,Travel_Frequently,1064,Research & Development,2,1,Life Sciences
No,42,Travel_Rarely,419,Sales,12,4,Marketing
Yes,27,Travel_Frequently,1337,Human Resources,22,3,Human Resources
No,35,Travel_Rarely,682,Sales,18,4,Medical
No,28,Non-Travel,1103,Research & Development,16,3,Medical
No,31,Non-Travel,976,Research & Development,3,2,Medical
No,36,Non-Travel,1351,Research & Development,9,4,Life Sciences
No,34,Travel_Rarely,937,Sales,1,3,Marketing
No,34,Travel_Rarely,1239,Sales,13,4,Medical
No,26,Travel_Rarely,157,Research & Development,1,3,Medical
No,29,Travel_Rarely,136,Research & Development,1,3,Life Sciences
No,32,Non-Travel,1146,Research & Development,15,4,Medical
No,31,Travel_Frequently,1125,Research & Development,1,3,Life Sciences
Yes,28,Travel_Rarely,1404,Research & Development,17,3,Technical Degree
No,38,Travel_Rarely,1404,Sales,1,3,Life Sciences
No,35,Travel_Rarely,1224,Sales,7,4,Life Sciences
No,27,Travel_Rarely,954,Sales,9,3,Marketing
No,32,Travel_Rarely,1373,Research & Development,5,4,Life Sciences
Yes,31,Travel_Frequently,754,Sales,26,4,Marketing
Yes,53,Travel_Rarely,1168,Sales,24,4,Life Sciences
No,54,Travel_Rarely,155,Research & Development,9,2,Life Sciences
No,33,Travel_Frequently,1303,Research & Development,7,2,Life Sciences
No,43,Travel_Rarely,574,Research & Development,11,3,Life Sciences
No,38,Travel_Frequently,1444,Human Resources,1,4,Other
No,55,Travel_Rarely,189,Human Resources,26,4,Human Resources
No,31,Travel_Rarely,1276,Research & Development,2,1,Medical
No,39,Travel_Rarely,119,Sales,15,4,Marketing
No,42,Non-Travel,335,Research & Development,23,2,Life Sciences
No,31,Non-Travel,697,Research & Development,10,3,Medical
No,54,Travel_Rarely,157,Research & Development,10,3,Medical
No,24,Travel_Rarely,771,Research & Development,1,2,Life Sciences
No,23,Travel_Rarely,571,Research & Development,12,2,Other
No,40,Travel_Frequently,692,Research & Development,11,3,Technical Degree
No,40,Travel_Rarely,444,Sales,2,2,Marketing
No,25,Travel_Rarely,309,Human Resources,2,3,Human Resources
No,30,Travel_Rarely,911,Research & Development,1,2,Medical
No,25,Travel_Rarely,977,Research & Development,2,1,Other
No,47,Travel_Rarely,1180,Research & Development,25,3,Medical
No,33,Non-Travel,1313,Research & Development,1,2,Medical
No,38,Travel_Rarely,1321,Sales,1,4,Life Sciences
No,31,Travel_Rarely,1154,Sales,2,2,Life Sciences
No,38,Travel_Frequently,508,Research & Development,6,4,Life Sciences
No,42,Travel_Rarely,557,Research & Development,18,4,Life Sciences
No,41,Travel_Rarely,642,Research & Development,1,3,Life Sciences
No,47,Non-Travel,1162,Research & Development,1,1,Medical
No,35,Travel_Rarely,1490,Research & Development,11,4,Medical
No,22,Travel_Rarely,581,Research & Development,1,2,Life Sciences
No,35,Travel_Rarely,1395,Research & Development,9,4,Medical
No,33,Travel_Rarely,501,Research & Development,15,2,Medical
No,32,Travel_Rarely,267,Research & Development,29,4,Life Sciences
No,40,Travel_Rarely,543,Research & Development,1,4,Life Sciences
No,32,Travel_Rarely,234,Sales,1,4,Medical
No,39,Travel_Rarely,116,Research & Development,24,1,Life Sciences
No,38,Travel_Rarely,201,Research & Development,10,3,Medical
No,32,Travel_Rarely,801,Sales,1,4,Marketing
No,37,Travel_Rarely,161,Research & Development,10,3,Life Sciences
No,25,Travel_Rarely,1382,Sales,8,2,Other
No,52,Non-Travel,585,Sales,29,4,Life Sciences
No,44,Travel_Rarely,1037,Research & Development,1,3,Medical
No,21,Travel_Rarely,501,Sales,5,1,Medical
No,39,Non-Travel,105,Research & Development,9,3,Life Sciences
Yes,23,Travel_Frequently,638,Sales,9,3,Marketing
No,36,Travel_Rarely,557,Sales,3,3,Medical
No,36,Travel_Frequently,688,Research & Development,4,2,Life Sciences
No,56,Non-Travel,667,Research & Development,1,4,Life Sciences
Yes,29,Travel_Rarely,1092,Research & Development,1,4,Medical
No,42,Travel_Rarely,300,Research & Development,2,3,Life Sciences
Yes,56,Travel_Rarely,310,Research & Development,7,2,Technical Degree
No,41,Travel_Rarely,582,Research & Development,28,4,Life Sciences
No,34,Travel_Rarely,704,Sales,28,3,Marketing
No,36,Non-Travel,301,Sales,15,4,Marketing
No,41,Travel_Rarely,930,Sales,3,3,Life Sciences
No,32,Travel_Rarely,529,Research & Development,2,3,Technical Degree
No,35,Travel_Rarely,1146,Human Resources,26,4,Life Sciences
No,38,Travel_Rarely,345,Sales,10,2,Life Sciences
Yes,50,Travel_Frequently,878,Sales,1,4,Life Sciences
No,36,Travel_Rarely,1120,Sales,11,4,Marketing
No,45,Travel_Rarely,374,Sales,20,3,Life Sciences
No,40,Travel_Rarely,1322,Research & Development,2,4,Life Sciences
No,35,Travel_Frequently,1199,Research & Development,18,4,Life Sciences
No,40,Travel_Rarely,1194,Research & Development,2,4,Medical
No,35,Travel_Rarely,287,Research & Development,1,4,Life Sciences
No,29,Travel_Rarely,1378,Research & Development,13,2,Other
No,29,Travel_Rarely,468,Research & Development,28,4,Medical
Yes,50,Travel_Rarely,410,Sales,28,3,Marketing
No,39,Travel_Rarely,722,Sales,24,1,Marketing
No,31,Non-Travel,325,Research & Development,5,3,Medical
No,26,Travel_Rarely,1167,Sales,5,3,Other
No,36,Travel_Frequently,884,Research & Development,23,2,Medical
No,39,Travel_Rarely,613,Research & Development,6,1,Medical
No,27,Travel_Rarely,155,Research & Development,4,3,Life Sciences
No,49,Travel_Frequently,1023,Sales,2,3,Medical
No,34,Travel_Rarely,628,Research & Development,8,3,Medical
